id	arm	family	file	line	channel	severity	sink	class	WHAT	CONS	PREV	CAUSE	CONT	OVR	SC	text	note
F58-A001	A	command	src/interfaceModule/app_command_interface.cpp	170	clog	LOG_TYPE::L_DEBUG	LOG_FILE::INTERNAL	TRACE	-	-	-	-	-	-	-	"Command: " + command + "Argument hash:"	argument-hash dump, L_DEBUG
F58-A002	A	command	src/interfaceModule/app_command_interface.cpp	172	clog	LOG_TYPE::L_DEBUG	LOG_FILE::INTERNAL	TRACE	-	-	-	-	-	-	-	"\t" + iter->first + " : " + iter->second	argument-hash dump, L_DEBUG
F58-A003	A	command	src/interfaceModule/app_command_interface.cpp	210	clog	LOG_TYPE::L_INFO	LOG_FILE::SCRIPT	INFO	-	-	-	-	-	-	-	"Execute_command " + commandline	the per-command echo; §5.115's named amplifier - every executed command is echoed here, twice with app.cpp:770 on the TCP path
F58-A004	A	command	src/interfaceModule/app_command_interface.cpp	226	clog	LOG_TYPE::L_INFO	LOG_FILE::SCRIPT	INFO	-	-	-	-	-	-	-	"this command has not been executed " + commandline	a command skipped by an if-block: expected behaviour, neither schema applies
F58-A005	A	command	src/interfaceModule/app_command_interface.cpp	233	debug_message	(via executeCommandStatus L_DEBUG)	LOG_FILE::SCRIPT	ERR	Y	N	P	-	-	-	P	_("Unrecognized or malformed command name")	the vocabulary paths: the record is completed by searchNeighbour's '<token> is unknown. Did you mean <x> ?' [app_command_init.cpp:368-387], which names the token and offers ONE Levenshtein guess - a guess is not an enumeration and the distance is unbounded, so a wildly wrong token still gets a confident suggestion || the only refusal path that does NOT reach executeCommandStatus (returns 0 at :236), so the 'Could not execute' companion line is absent here
F58-A006	A	command	src/interfaceModule/app_command_interface.cpp	234	clog	LOG_TYPE::L_DEBUG	LOG_FILE::SCRIPT	CHAN	-	-	-	-	-	-	-	debug_message	emits another site's record; owns no content of its own. :312 is the one that writes a variable known to be empty
F58-A007	A	command	src/interfaceModule/app_command_interface.cpp	312	clog	LOG_TYPE::L_DEBUG	LOG_FILE::SCRIPT	CHAN	-	-	-	-	-	-	-	debug_message	emits another site's record; owns no content of its own. :312 is the one that writes a variable known to be empty
F58-A008	A	command	src/interfaceModule/app_command_interface.cpp	327	debug_message	(via executeCommandStatus L_DEBUG)	LOG_FILE::SCRIPT	ERR	N	N	P	-	-	-	P	("Unrecognized or malformed flag argument")	MISIDENTIFIES the fault: an unknown flag NAME is reported as a bad flag ARGUMENT, because the assignment that would have named it is commented out at app_command_interface.cpp:311 - and the emit left behind at :312 writes the then-empty debug_message, i.e. a blank line, before the caller's wrong message || companion blank line at :312; see AB
F58-A009	A	command	src/interfaceModule/app_command_interface.cpp	676	clog	LOG_TYPE::L_WARNING	LOG_FILE::INTERNAL	ERR	Y	P	Y	-	-	-	Y	"Command 'flag': this flag cannot be toggled because its " "current value cannot be read; pass 'on' or 'off' instead."	the flag surface's best record: names the fault, implies the consequence ('cannot be toggled'), gives the action and enumerates the valid values ('pass on or off') - but it is written to LOG_FILE::INTERNAL at L_WARNING while the script author reads LOG_FILE::SCRIPT
F58-A010	A	command	src/interfaceModule/app_command_interface.cpp	1148	clog	LOG_TYPE::L_DEBUG	LOG_FILE::INTERNAL	ERR	N	P	N	-	-	-	-	"no effect with unknown case "	'no effect with unknown case ' - the trailing space is where the case was meant to go; the record names neither the flag nor the value, and lands on INTERNAL at L_DEBUG
F58-A011	A	command	src/interfaceModule/app_command_interface.cpp	1173	clog	LOG_TYPE::L_DEBUG	LOG_FILE::SCRIPT	CHAN	-	-	-	-	-	-	-	"Could not execute: " + commandline	emits another site's record; owns no content of its own. :312 is the one that writes a variable known to be empty
F58-A012	A	command	src/interfaceModule/app_command_interface.cpp	1174	clog	LOG_TYPE::L_DEBUG	LOG_FILE::SCRIPT	CHAN	-	-	-	-	-	-	-	debug_message	emits another site's record; owns no content of its own. :312 is the one that writes a variable known to be empty
F58-A013	A	command	src/interfaceModule/app_command_interface.cpp	1186	debug_message	(via executeCommandStatus L_DEBUG)	LOG_FILE::SCRIPT	ERR	N	N	P	-	-	-	P	("Unrecognized or malformed flag argument")	MISIDENTIFIES the fault: an unknown flag NAME is reported as a bad flag ARGUMENT, because the assignment that would have named it is commented out at app_command_interface.cpp:311 - and the emit left behind at :312 writes the then-empty debug_message, i.e. a blank line, before the caller's wrong message || companion blank line at :312; see AB
F58-A014	A	command	src/interfaceModule/app_command_interface.cpp	1195	debug_message	(via executeCommandStatus L_DEBUG)	LOG_FILE::SCRIPT	ERR	P	N	N	-	-	-	-	_("Unrecognized or malformed command_flag behaviour")	names the command and a generic fault class ('unknown argument', 'malformed command'); the offending token is visible only through the companion 'Could not execute: <commandline>' line, and no consequence or action is stated
F58-A015	A	command	src/interfaceModule/app_command_interface.cpp	1205	clog	LOG_TYPE::L_WARNING	LOG_FILE::INTERNAL	ERR	P	Y	N	-	-	-	-	"No tcp : i can't send "	'No tcp : i can't send ' - the `get` command's answer is dropped; the consequence is stated, the requested value is not named and no action is given
F58-A016	A	command	src/interfaceModule/app_command_interface.cpp	1230	debug_message	(via executeCommandStatus L_DEBUG)	LOG_FILE::SCRIPT	ERR	P	N	N	-	-	-	-	_("command 'get': unknown status value")	names the command and a generic fault class ('unknown argument', 'malformed command'); the offending token is visible only through the companion 'Could not execute: <commandline>' line, and no consequence or action is stated
F58-A017	A	command	src/interfaceModule/app_command_interface.cpp	1233	debug_message	(via executeCommandStatus L_DEBUG)	LOG_FILE::SCRIPT	ERR	P	N	N	-	-	-	-	_("command 'get': unknown argument")	names the command and a generic fault class ('unknown argument', 'malformed command'); the offending token is visible only through the companion 'Could not execute: <commandline>' line, and no consequence or action is stated
F58-A018	A	command	src/interfaceModule/app_command_interface.cpp	1318	debug_message	(via executeCommandStatus L_DEBUG)	LOG_FILE::SCRIPT	ERR	P	N	N	-	-	-	-	_("Command 'session': the session could not be saved")	names the command and a generic fault class ('unknown argument', 'malformed command'); the offending token is visible only through the companion 'Could not execute: <commandline>' line, and no consequence or action is stated
F58-A019	A	command	src/interfaceModule/app_command_interface.cpp	1321	debug_message	(via executeCommandStatus L_DEBUG)	LOG_FILE::SCRIPT	ERR	P	N	N	-	-	-	-	_("Command 'session': the session could not be loaded")	names the command and a generic fault class ('unknown argument', 'malformed command'); the offending token is visible only through the companion 'Could not execute: <commandline>' line, and no consequence or action is stated
F58-A020	A	command	src/interfaceModule/app_command_interface.cpp	1323	debug_message	(via executeCommandStatus L_DEBUG)	LOG_FILE::SCRIPT	ERR	Y	N	Y	-	-	-	Y	_("Command 'session': unknown or missing action, expected 'save' or 'load'")	enumerates the valid values inside the message ('expected save or load')
F58-A021	A	command	src/interfaceModule/app_command_interface.cpp	1344	debug_message	(via executeCommandStatus L_DEBUG)	LOG_FILE::SCRIPT	ERR	Y	N	P	-	-	-	P	_("command 'search' : missing name argument")	names the missing/short element, which is a partial action (add THIS argument) but never its form or valid values; no consequence stated
F58-A022	A	command	src/interfaceModule/app_command_interface.cpp	1356	debug_message	(via executeCommandStatus L_DEBUG)	LOG_FILE::SCRIPT	ERR	Y	N	P	-	-	-	P	_("command 'planet_scale' : missing name or scale argument")	names the missing/short element, which is a partial action (add THIS argument) but never its form or valid values; no consequence stated
F58-A023	A	command	src/interfaceModule/app_command_interface.cpp	1403	debug_message	(via executeCommandStatus L_DEBUG)	LOG_FILE::SCRIPT	ERR	P	N	N	-	-	-	-	_("command_'wait' : unrecognized or malformed argument name.")	names the command and a generic fault class ('unknown argument', 'malformed command'); the offending token is visible only through the companion 'Could not execute: <commandline>' line, and no consequence or action is stated
F58-A024	A	command	src/interfaceModule/app_command_interface.cpp	1424	debug_message	(via executeCommandStatus L_DEBUG)	LOG_FILE::SCRIPT	ERR	P	N	N	-	-	-	-	"command_personal: Unknown 'action' value"	names the command and a generic fault class ('unknown argument', 'malformed command'); the offending token is visible only through the companion 'Could not execute: <commandline>' line, and no consequence or action is stated
F58-A025	A	command	src/interfaceModule/app_command_interface.cpp	1431	debug_message	(via executeCommandStatus L_DEBUG)	LOG_FILE::SCRIPT	ERR	P	N	N	-	-	-	-	"command_'personal' : unrecognized or malformed argument"	names the command and a generic fault class ('unknown argument', 'malformed command'); the offending token is visible only through the companion 'Could not execute: <commandline>' line, and no consequence or action is stated
F58-A026	A	command	src/interfaceModule/app_command_interface.cpp	1455	debug_message	(via executeCommandStatus L_DEBUG)	LOG_FILE::SCRIPT	ERR	P	N	N	-	-	-	-	"Error loading nebula."	reports that an operation failed without naming a reason, a consequence or an action ('error <op>', 'Error loading X.')
F58-A027	A	command	src/interfaceModule/app_command_interface.cpp	1471	debug_message	(via executeCommandStatus L_DEBUG)	LOG_FILE::SCRIPT	ERR	P	N	N	-	-	-	-	_("Command 'dso': unknown action value")	names the command and a generic fault class ('unknown argument', 'malformed command'); the offending token is visible only through the companion 'Could not execute: <commandline>' line, and no consequence or action is stated
F58-A028	A	command	src/interfaceModule/app_command_interface.cpp	1505	debug_message	(via executeCommandStatus L_DEBUG)	LOG_FILE::SCRIPT	ERR	P	N	N	-	-	-	-	_("Command 'dso': case hidden unknown argument")	names the command and a generic fault class ('unknown argument', 'malformed command'); the offending token is visible only through the companion 'Could not execute: <commandline>' line, and no consequence or action is stated
F58-A029	A	command	src/interfaceModule/app_command_interface.cpp	1509	debug_message	(via executeCommandStatus L_DEBUG)	LOG_FILE::SCRIPT	ERR	P	N	N	-	-	-	-	_("command 'dso' : unknown argument")	names the command and a generic fault class ('unknown argument', 'malformed command'); the offending token is visible only through the companion 'Could not execute: <commandline>' line, and no consequence or action is stated
F58-A030	A	command	src/interfaceModule/app_command_interface.cpp	1527	debug_message	(via executeCommandStatus L_DEBUG)	LOG_FILE::SCRIPT	ERR	P	N	N	-	-	-	-	_("command 'dso3d' : unknown argument")	names the command and a generic fault class ('unknown argument', 'malformed command'); the offending token is visible only through the companion 'Could not execute: <commandline>' line, and no consequence or action is stated
F58-A031	A	command	src/interfaceModule/app_command_interface.cpp	1545	debug_message	(via executeCommandStatus L_DEBUG)	LOG_FILE::SCRIPT	ERR	P	N	N	-	-	-	-	"Error loading dso."	reports that an operation failed without naming a reason, a consequence or an action ('error <op>', 'Error loading X.')
F58-A032	A	command	src/interfaceModule/app_command_interface.cpp	1549	debug_message	(via executeCommandStatus L_DEBUG)	LOG_FILE::SCRIPT	ERR	P	N	N	-	-	-	-	_("Command 'dso2D': unknown action value")	names the command and a generic fault class ('unknown argument', 'malformed command'); the offending token is visible only through the companion 'Could not execute: <commandline>' line, and no consequence or action is stated
F58-A033	A	command	src/interfaceModule/app_command_interface.cpp	1552	debug_message	(via executeCommandStatus L_DEBUG)	LOG_FILE::SCRIPT	ERR	P	N	N	-	-	-	-	_("command 'dso2D' : unknown argument")	names the command and a generic fault class ('unknown argument', 'malformed command'); the offending token is visible only through the companion 'Could not execute: <commandline>' line, and no consequence or action is stated
F58-A034	A	command	src/interfaceModule/app_command_interface.cpp	1573	debug_message	(via executeCommandStatus L_DEBUG)	LOG_FILE::SCRIPT	ERR	P	N	N	-	-	-	-	"command_personeq: Unknown 'action' value"	names the command and a generic fault class ('unknown argument', 'malformed command'); the offending token is visible only through the companion 'Could not execute: <commandline>' line, and no consequence or action is stated
F58-A035	A	command	src/interfaceModule/app_command_interface.cpp	1580	debug_message	(via executeCommandStatus L_DEBUG)	LOG_FILE::SCRIPT	ERR	P	N	N	-	-	-	-	"command_'personeq' : unrecognized or malformed argument"	names the command and a generic fault class ('unknown argument', 'malformed command'); the offending token is visible only through the companion 'Could not execute: <commandline>' line, and no consequence or action is stated
F58-A036	A	command	src/interfaceModule/app_command_interface.cpp	1607	debug_message	(via executeCommandStatus L_DEBUG)	LOG_FILE::SCRIPT	ERR	P	N	N	-	-	-	-	_("Command 'body_trace': unknown pen value")	names the command and a generic fault class ('unknown argument', 'malformed command'); the offending token is visible only through the companion 'Could not execute: <commandline>' line, and no consequence or action is stated
F58-A037	A	command	src/interfaceModule/app_command_interface.cpp	1625	debug_message	(via executeCommandStatus L_DEBUG)	LOG_FILE::SCRIPT	ERR	P	N	N	-	-	-	-	_("command 'body_trace' : unknown argument")	names the command and a generic fault class ('unknown argument', 'malformed command'); the offending token is visible only through the companion 'Could not execute: <commandline>' line, and no consequence or action is stated
F58-A038	A	command	src/interfaceModule/app_command_interface.cpp	1876	debug_message	(via executeCommandStatus L_DEBUG)	LOG_FILE::SCRIPT	ERR	P	N	N	-	-	-	-	_("Command 'color': unknown expected argument 'property'")	names the command and a generic fault class ('unknown argument', 'malformed command'); the offending token is visible only through the companion 'Could not execute: <commandline>' line, and no consequence or action is stated
F58-A039	A	command	src/interfaceModule/app_command_interface.cpp	1882	debug_message	(via executeCommandStatus L_DEBUG)	LOG_FILE::SCRIPT	ERR	P	N	N	-	-	-	-	_("Command 'color': unknown property")	names the command and a generic fault class ('unknown argument', 'malformed command'); the offending token is visible only through the companion 'Could not execute: <commandline>' line, and no consequence or action is stated
F58-A040	A	command	src/interfaceModule/app_command_interface.cpp	1958	debug_message	(via executeCommandStatus L_DEBUG)	LOG_FILE::SCRIPT	ERR	Y	N	N	-	-	-	-	_("command 'illuminate': filename not found")	names the offending value (file, image, HP number, object) and nothing else: no consequence, no action, no valid-value shape
F58-A041	A	command	src/interfaceModule/app_command_interface.cpp	1965	debug_message	(via executeCommandStatus L_DEBUG)	LOG_FILE::SCRIPT	ERR	P	N	N	-	-	-	-	_("command 'illuminate': argument unknown")	names the command and a generic fault class ('unknown argument', 'malformed command'); the offending token is visible only through the companion 'Could not execute: <commandline>' line, and no consequence or action is stated
F58-A042	A	command	src/interfaceModule/app_command_interface.cpp	1972	debug_message	(via executeCommandStatus L_DEBUG)	LOG_FILE::SCRIPT	ERR	P	N	N	-	-	-	-	"command_'print': malformed command"	names the command and a generic fault class ('unknown argument', 'malformed command'); the offending token is visible only through the companion 'Could not execute: <commandline>' line, and no consequence or action is stated
F58-A043	A	command	src/interfaceModule/app_command_interface.cpp	1979	clog	LOG_TYPE::L_WARNING	LOG_FILE::SCRIPT	INFO	-	-	-	-	-	-	-	oss.str()	the `print` command's own user output, written TWICE (SCRIPT + INTERNAL) at L_WARNING - a deliberate user message carrying the severity of a fault
F58-A044	A	command	src/interfaceModule/app_command_interface.cpp	1980	clog	LOG_TYPE::L_WARNING	LOG_FILE::INTERNAL	INFO	-	-	-	-	-	-	-	oss.str()	the `print` command's own user output, written TWICE (SCRIPT + INTERNAL) at L_WARNING - a deliberate user message carrying the severity of a fault
F58-A045	A	command	src/interfaceModule/app_command_interface.cpp	2114	debug_message	(via executeCommandStatus L_DEBUG)	LOG_FILE::SCRIPT	ERR	P	N	N	-	-	-	-	"command_'set': malformed command"	names the command and a generic fault class ('unknown argument', 'malformed command'); the offending token is visible only through the companion 'Could not execute: <commandline>' line, and no consequence or action is stated
F58-A046	A	command	src/interfaceModule/app_command_interface.cpp	2222	debug_message	(via executeCommandStatus L_DEBUG)	LOG_FILE::SCRIPT	ERR	Y	N	P	-	-	-	P	"command_'set': unknown argument"	the vocabulary paths: the record is completed by searchNeighbour's '<token> is unknown. Did you mean <x> ?' [app_command_init.cpp:368-387], which names the token and offers ONE Levenshtein guess - a guess is not an enumeration and the distance is unbounded, so a wildly wrong token still gets a confident suggestion || searchSimilarSet is passed args.begin()->first, not the offending setName - with several pairs on one `set` line the suggestion is about the wrong token
F58-A047	A	command	src/interfaceModule/app_command_interface.cpp	2239	debug_message	(via executeCommandStatus L_DEBUG)	LOG_FILE::SCRIPT	ERR	P	N	N	-	-	-	-	"Bad shutdown request."	names the command and a generic fault class ('unknown argument', 'malformed command'); the offending token is visible only through the companion 'Could not execute: <commandline>' line, and no consequence or action is stated
F58-A048	A	command	src/interfaceModule/app_command_interface.cpp	2259	debug_message	(via executeCommandStatus L_DEBUG)	LOG_FILE::SCRIPT	ERR	Y	N	P	-	-	-	P	"command 'configuration' missing name parameter"	names the missing/short element, which is a partial action (add THIS argument) but never its form or valid values; no consequence stated
F58-A049	A	command	src/interfaceModule/app_command_interface.cpp	2267	debug_message	(via executeCommandStatus L_DEBUG)	LOG_FILE::SCRIPT	ERR	Y	N	N	-	-	-	-	"command 'configuration' filename not found"	names the offending value (file, image, HP number, object) and nothing else: no consequence, no action, no valid-value shape
F58-A050	A	command	src/interfaceModule/app_command_interface.cpp	2284	debug_message	(via executeCommandStatus L_DEBUG)	LOG_FILE::SCRIPT	ERR	Y	N	P	-	-	-	P	"command 'configuration': missing star_lines action load_star argument"	names the missing/short element, which is a partial action (add THIS argument) but never its form or valid values; no consequence stated
F58-A051	A	command	src/interfaceModule/app_command_interface.cpp	2286	debug_message	(via executeCommandStatus L_DEBUG)	LOG_FILE::SCRIPT	ERR	P	N	N	-	-	-	-	"command 'configuration': unknown star_lines action argument"	names the command and a generic fault class ('unknown argument', 'malformed command'); the offending token is visible only through the companion 'Could not execute: <commandline>' line, and no consequence or action is stated
F58-A052	A	command	src/interfaceModule/app_command_interface.cpp	2297	debug_message	(via executeCommandStatus L_DEBUG)	LOG_FILE::SCRIPT	ERR	Y	N	P	-	-	-	P	"command 'configuration', star_navigator missing name argument"	names the missing/short element, which is a partial action (add THIS argument) but never its form or valid values; no consequence stated
F58-A053	A	command	src/interfaceModule/app_command_interface.cpp	2306	debug_message	(via executeCommandStatus L_DEBUG)	LOG_FILE::SCRIPT	ERR	Y	N	N	-	-	-	-	"command 'configuration' filename not found"	names the offending value (file, image, HP number, object) and nothing else: no consequence, no action, no valid-value shape
F58-A054	A	command	src/interfaceModule/app_command_interface.cpp	2310	debug_message	(via executeCommandStatus L_DEBUG)	LOG_FILE::SCRIPT	ERR	Y	N	P	-	-	-	P	"command 'configuration', star_navigator missing mode argument"	names the missing/short element, which is a partial action (add THIS argument) but never its form or valid values; no consequence stated
F58-A055	A	command	src/interfaceModule/app_command_interface.cpp	2325	debug_message	(via executeCommandStatus L_DEBUG)	LOG_FILE::SCRIPT	ERR	P	N	N	-	-	-	-	"command 'configuration': unknown starNavigator mode parameter"	names the command and a generic fault class ('unknown argument', 'malformed command'); the offending token is visible only through the companion 'Could not execute: <commandline>' line, and no consequence or action is stated
F58-A056	A	command	src/interfaceModule/app_command_interface.cpp	2333	debug_message	(via executeCommandStatus L_DEBUG)	LOG_FILE::SCRIPT	ERR	P	N	N	-	-	-	-	"command 'configuration': unknown starNavigator action argument"	names the command and a generic fault class ('unknown argument', 'malformed command'); the offending token is visible only through the companion 'Could not execute: <commandline>' line, and no consequence or action is stated
F58-A057	A	command	src/interfaceModule/app_command_interface.cpp	2335	debug_message	(via executeCommandStatus L_DEBUG)	LOG_FILE::SCRIPT	ERR	P	N	N	-	-	-	-	"command 'configuration': unknown module argument"	names the command and a generic fault class ('unknown argument', 'malformed command'); the offending token is visible only through the companion 'Could not execute: <commandline>' line, and no consequence or action is stated
F58-A058	A	command	src/interfaceModule/app_command_interface.cpp	2347	debug_message	(via executeCommandStatus L_DEBUG)	LOG_FILE::SCRIPT	ERR	P	N	N	-	-	-	-	"command 'configuration': unknown action value"	names the command and a generic fault class ('unknown argument', 'malformed command'); the offending token is visible only through the companion 'Could not execute: <commandline>' line, and no consequence or action is stated
F58-A059	A	command	src/interfaceModule/app_command_interface.cpp	2349	debug_message	(via executeCommandStatus L_DEBUG)	LOG_FILE::SCRIPT	ERR	P	N	N	-	-	-	-	"command 'configuration': unknown argument"	names the command and a generic fault class ('unknown argument', 'malformed command'); the offending token is visible only through the companion 'Could not execute: <commandline>' line, and no consequence or action is stated
F58-A060	A	command	src/interfaceModule/app_command_interface.cpp	2358	debug_message	(via executeCommandStatus L_DEBUG)	LOG_FILE::SCRIPT	ERR	Y	N	P	-	-	-	P	"command 'constellation': missing name"	names the missing/short element, which is a partial action (add THIS argument) but never its form or valid values; no consequence stated
F58-A061	A	command	src/interfaceModule/app_command_interface.cpp	2370	debug_message	(via executeCommandStatus L_DEBUG)	LOG_FILE::SCRIPT	ERR	Y	N	P	-	-	-	P	"command 'constellation': missing type"	names the missing/short element, which is a partial action (add THIS argument) but never its form or valid values; no consequence stated
F58-A062	A	command	src/interfaceModule/app_command_interface.cpp	2392	debug_message	(via executeCommandStatus L_DEBUG)	LOG_FILE::SCRIPT	ERR	P	N	N	-	-	-	-	"command 'constellation': unknown type"	names the command and a generic fault class ('unknown argument', 'malformed command'); the offending token is visible only through the companion 'Could not execute: <commandline>' line, and no consequence or action is stated
F58-A063	A	command	src/interfaceModule/app_command_interface.cpp	2405	debug_message	(via executeCommandStatus L_DEBUG)	LOG_FILE::SCRIPT	ERR	Y	N	P	-	-	-	P	_("command 'externalviewer' : fileName too short")	names the missing/short element, which is a partial action (add THIS argument) but never its form or valid values; no consequence stated
F58-A064	A	command	src/interfaceModule/app_command_interface.cpp	2417	debug_message	(via executeCommandStatus L_DEBUG)	LOG_FILE::SCRIPT	ERR	Y	N	N	-	-	-	-	"command_externalViewer media fileName not found"	names the offending value (file, image, HP number, object) and nothing else: no consequence, no action, no valid-value shape
F58-A065	A	command	src/interfaceModule/app_command_interface.cpp	2423	debug_message	(via executeCommandStatus L_DEBUG)	LOG_FILE::SCRIPT	ERR	Y	N	N	-	-	-	-	"command_externalViewer audio fileName not found"	names the offending value (file, image, HP number, object) and nothing else: no consequence, no action, no valid-value shape
F58-A066	A	command	src/interfaceModule/app_command_interface.cpp	2429	debug_message	(via executeCommandStatus L_DEBUG)	LOG_FILE::SCRIPT	ERR	Y	N	N	-	-	-	-	"command_externalViewer shell script fileName not found"	names the offending value (file, image, HP number, object) and nothing else: no consequence, no action, no valid-value shape
F58-A067	A	command	src/interfaceModule/app_command_interface.cpp	2435	debug_message	(via executeCommandStatus L_DEBUG)	LOG_FILE::SCRIPT	ERR	Y	N	N	-	-	-	-	"command_externalViewer shell script fileName not found"	names the offending value (file, image, HP number, object) and nothing else: no consequence, no action, no valid-value shape
F58-A068	A	command	src/interfaceModule/app_command_interface.cpp	2441	debug_message	(via executeCommandStatus L_DEBUG)	LOG_FILE::SCRIPT	ERR	Y	N	N	-	-	-	-	"command_externalViewer swf fileName not found"	names the offending value (file, image, HP number, object) and nothing else: no consequence, no action, no valid-value shape
F58-A069	A	command	src/interfaceModule/app_command_interface.cpp	2447	debug_message	(via executeCommandStatus L_DEBUG)	LOG_FILE::SCRIPT	ERR	Y	N	N	-	-	-	-	"command_externalViewer png fileName not found"	names the offending value (file, image, HP number, object) and nothing else: no consequence, no action, no valid-value shape
F58-A070	A	command	src/interfaceModule/app_command_interface.cpp	2452	debug_message	(via executeCommandStatus L_DEBUG)	LOG_FILE::SCRIPT	ERR	N	N	N	-	-	-	-	"command 'externalviewer': system error"	an internal-assertion message with no user-facing content ('unexpected error in command_X', 'system error'): the reader learns nothing at all
F58-A071	A	command	src/interfaceModule/app_command_interface.cpp	2464	debug_message	(via executeCommandStatus L_DEBUG)	LOG_FILE::SCRIPT	ERR	P	N	N	-	-	-	-	_("command 'externalviewer' : unknown argument")	names the command and a generic fault class ('unknown argument', 'malformed command'); the offending token is visible only through the companion 'Could not execute: <commandline>' line, and no consequence or action is stated
F58-A072	A	command	src/interfaceModule/app_command_interface.cpp	2559	clog	LOG_TYPE::L_INFO	LOG_FILE::SCRIPT	INFO	-	-	-	-	-	-	-	oss.str()	heading from/to
F58-A073	A	command	src/interfaceModule/app_command_interface.cpp	2563	debug_message	(via executeCommandStatus L_DEBUG)	LOG_FILE::SCRIPT	ERR	P	N	N	-	-	-	-	"command 'heading' : unknown argument"	names the command and a generic fault class ('unknown argument', 'malformed command'); the offending token is visible only through the companion 'Could not execute: <commandline>' line, and no consequence or action is stated
F58-A074	A	command	src/interfaceModule/app_command_interface.cpp	2586	debug_message	(via executeCommandStatus L_DEBUG)	LOG_FILE::SCRIPT	ERR	Y	N	P	-	-	-	P	"command 'meteors' : no zhr argument"	names the missing/short element, which is a partial action (add THIS argument) but never its form or valid values; no consequence stated
F58-A075	A	command	src/interfaceModule/app_command_interface.cpp	2607	debug_message	(via executeCommandStatus L_DEBUG)	LOG_FILE::SCRIPT	ERR	Y	N	P	-	-	-	P	"command 'landscape' : missing rotation parameter"	names the missing/short element, which is a partial action (add THIS argument) but never its form or valid values; no consequence stated
F58-A076	A	command	src/interfaceModule/app_command_interface.cpp	2611	debug_message	(via executeCommandStatus L_DEBUG)	LOG_FILE::SCRIPT	ERR	P	N	N	-	-	-	-	"command 'landscape' : invalid action parameter"	names the command and a generic fault class ('unknown argument', 'malformed command'); the offending token is visible only through the companion 'Could not execute: <commandline>' line, and no consequence or action is stated
F58-A077	A	command	src/interfaceModule/app_command_interface.cpp	2619	debug_message	(via executeCommandStatus L_DEBUG)	LOG_FILE::SCRIPT	ERR	P	N	N	-	-	-	-	"command 'landscape' : invalid action parameter"	names the command and a generic fault class ('unknown argument', 'malformed command'); the offending token is visible only through the companion 'Could not execute: <commandline>' line, and no consequence or action is stated
F58-A078	A	command	src/interfaceModule/app_command_interface.cpp	2621	debug_message	(via executeCommandStatus L_DEBUG)	LOG_FILE::SCRIPT	ERR	P	N	N	-	-	-	-	"command 'landscape' : unknown argument"	names the command and a generic fault class ('unknown argument', 'malformed command'); the offending token is visible only through the companion 'Could not execute: <commandline>' line, and no consequence or action is stated
F58-A079	A	command	src/interfaceModule/app_command_interface.cpp	2636	debug_message	(via executeCommandStatus L_DEBUG)	LOG_FILE::SCRIPT	ERR	P	N	N	-	-	-	-	"command 'screen_fader' : invalid alpha parameter"	names the command and a generic fault class ('unknown argument', 'malformed command'); the offending token is visible only through the companion 'Could not execute: <commandline>' line, and no consequence or action is stated
F58-A080	A	command	src/interfaceModule/app_command_interface.cpp	2652	debug_message	(via executeCommandStatus L_DEBUG)	LOG_FILE::SCRIPT	ERR	Y	N	P	-	-	-	P	_("Command 'text': argument 'name' needed")	names the missing/short element, which is a partial action (add THIS argument) but never its form or valid values; no consequence stated
F58-A081	A	command	src/interfaceModule/app_command_interface.cpp	2672	debug_message	(via executeCommandStatus L_DEBUG)	LOG_FILE::SCRIPT	ERR	Y	N	P	-	-	-	P	_("Command 'text': argument 'string' needed")	names the missing/short element, which is a partial action (add THIS argument) but never its form or valid values; no consequence stated
F58-A082	A	command	src/interfaceModule/app_command_interface.cpp	2762	debug_message	(via executeCommandStatus L_DEBUG)	LOG_FILE::SCRIPT	ERR	Y	N	P	-	-	-	P	_("Command 'text': parameter 'azimuth' or 'altitude' needed")	names the missing/short element, which is a partial action (add THIS argument) but never its form or valid values; no consequence stated
F58-A083	A	command	src/interfaceModule/app_command_interface.cpp	2782	debug_message	(via executeCommandStatus L_DEBUG)	LOG_FILE::SCRIPT	ERR	P	N	N	-	-	-	-	_("Command 'text': unknown argument")	names the command and a generic fault class ('unknown argument', 'malformed command'); the offending token is visible only through the companion 'Could not execute: <commandline>' line, and no consequence or action is stated
F58-A084	A	command	src/interfaceModule/app_command_interface.cpp	2791	debug_message	(via executeCommandStatus L_DEBUG)	LOG_FILE::SCRIPT	ERR	P	N	N	-	-	-	-	"Error loading sky culture from path specified."	names the command and a generic fault class ('unknown argument', 'malformed command'); the offending token is visible only through the companion 'Could not execute: <commandline>' line, and no consequence or action is stated
F58-A085	A	command	src/interfaceModule/app_command_interface.cpp	2793	debug_message	(via executeCommandStatus L_DEBUG)	LOG_FILE::SCRIPT	ERR	Y	N	P	-	-	-	P	"command_sky_culture : path or action missing"	names the missing/short element, which is a partial action (add THIS argument) but never its form or valid values; no consequence stated
F58-A086	A	command	src/interfaceModule/app_command_interface.cpp	2814	debug_message	(via executeCommandStatus L_DEBUG)	LOG_FILE::SCRIPT	ERR	Y	N	N	-	-	-	-	"Unable to execute script : " + file_with_path	names the offending value (file, image, HP number, object) and nothing else: no consequence, no action, no valid-value shape || the message is written TWICE: explicitly at :2815 and again by executeCommandStatus at :1174
F58-A087	A	command	src/interfaceModule/app_command_interface.cpp	2815	clog	LOG_TYPE::L_DEBUG	LOG_FILE::SCRIPT	CHAN	-	-	-	-	-	-	-	debug_message	emits another site's record; owns no content of its own. :312 is the one that writes a variable known to be empty
F58-A088	A	command	src/interfaceModule/app_command_interface.cpp	2845	debug_message	(via executeCommandStatus L_DEBUG)	LOG_FILE::SCRIPT	ERR	P	N	N	-	-	-	-	"command_script : unknown parameter from 'action' argument"	names the command and a generic fault class ('unknown argument', 'malformed command'); the offending token is visible only through the companion 'Could not execute: <commandline>' line, and no consequence or action is stated
F58-A089	A	command	src/interfaceModule/app_command_interface.cpp	2858	debug_message	(via executeCommandStatus L_DEBUG)	LOG_FILE::SCRIPT	ERR	P	N	N	-	-	-	-	"command_script : unknown parameter from 'speed' argument"	names the command and a generic fault class ('unknown argument', 'malformed command'); the offending token is visible only through the companion 'Could not execute: <commandline>' line, and no consequence or action is stated
F58-A090	A	command	src/interfaceModule/app_command_interface.cpp	2868	debug_message	(via executeCommandStatus L_DEBUG)	LOG_FILE::SCRIPT	ERR	Y	N	P	-	-	-	P	"command_'script' : missing action argument"	names the missing/short element, which is a partial action (add THIS argument) but never its form or valid values; no consequence stated
F58-A091	A	command	src/interfaceModule/app_command_interface.cpp	2916	debug_message	(via executeCommandStatus L_DEBUG)	LOG_FILE::SCRIPT	ERR	Y	N	N	-	-	-	-	_("command 'audio': filename not found")	names the offending value (file, image, HP number, object) and nothing else: no consequence, no action, no valid-value shape
F58-A092	A	command	src/interfaceModule/app_command_interface.cpp	2920	debug_message	(via executeCommandStatus L_DEBUG)	LOG_FILE::SCRIPT	ERR	Y	N	N	-	-	-	-	_("command 'audio': filename not found")	names the offending value (file, image, HP number, object) and nothing else: no consequence, no action, no valid-value shape
F58-A093	A	command	src/interfaceModule/app_command_interface.cpp	2925	debug_message	(via executeCommandStatus L_DEBUG)	LOG_FILE::SCRIPT	ERR	P	N	N	-	-	-	-	_("command 'audio': unknown action value")	names the command and a generic fault class ('unknown argument', 'malformed command'); the offending token is visible only through the companion 'Could not execute: <commandline>' line, and no consequence or action is stated
F58-A094	A	command	src/interfaceModule/app_command_interface.cpp	2929	debug_message	(via executeCommandStatus L_DEBUG)	LOG_FILE::SCRIPT	ERR	P	N	N	-	-	-	-	_("command 'audio' : unknown argument")	names the command and a generic fault class ('unknown argument', 'malformed command'); the offending token is visible only through the companion 'Could not execute: <commandline>' line, and no consequence or action is stated
F58-A095	A	command	src/interfaceModule/app_command_interface.cpp	2943	debug_message	(via executeCommandStatus L_DEBUG)	LOG_FILE::SCRIPT	ERR	Y	N	P	-	-	-	P	_("Image argument name required.")	names the missing/short element, which is a partial action (add THIS argument) but never its form or valid values; no consequence stated
F58-A096	A	command	src/interfaceModule/app_command_interface.cpp	2956	debug_message	(via executeCommandStatus L_DEBUG)	LOG_FILE::SCRIPT	ERR	Y	N	N	-	-	-	-	_("command 'image': filename not found")	names the offending value (file, image, HP number, object) and nothing else: no consequence, no action, no valid-value shape
F58-A097	A	command	src/interfaceModule/app_command_interface.cpp	2980	debug_message	(via executeCommandStatus L_DEBUG)	LOG_FILE::SCRIPT	ERR	Y	N	N	-	-	-	-	_("Unable to load image: ") + argName	names the offending value (file, image, HP number, object) and nothing else: no consequence, no action, no valid-value shape
F58-A098	A	command	src/interfaceModule/app_command_interface.cpp	2986	debug_message	(via executeCommandStatus L_DEBUG)	LOG_FILE::SCRIPT	ERR	Y	N	N	-	-	-	-	_("Unable to find image: ") + argName	names the offending value (file, image, HP number, object) and nothing else: no consequence, no action, no valid-value shape
F58-A099	A	command	src/interfaceModule/app_command_interface.cpp	3042	debug_message	(via executeCommandStatus L_DEBUG)	LOG_FILE::SCRIPT	ERR	Y	N	N	-	-	-	-	_("command 'image': HP number ") + argHP + _(" is not a valid star")	names the offending value (file, image, HP number, object) and nothing else: no consequence, no action, no valid-value shape || the valid HP range is a bounded integer domain (guarded by num > NR_OF_HIP at illuminate_mgr.cpp:126) and is not stated
F58-A100	A	command	src/interfaceModule/app_command_interface.cpp	3134	debug_message	(via executeCommandStatus L_DEBUG)	LOG_FILE::SCRIPT	ERR	Y	N	N	-	-	-	-	"command 'select' : no object found"	names the offending value (file, image, HP number, object) and nothing else: no consequence, no action, no valid-value shape
F58-A101	A	command	src/interfaceModule/app_command_interface.cpp	3200	debug_message	(via executeCommandStatus L_DEBUG)	LOG_FILE::SCRIPT	ERR	P	N	N	-	-	-	-	_("Command 'look_at': wrong argument")	names the command and a generic fault class ('unknown argument', 'malformed command'); the offending token is visible only through the companion 'Could not execute: <commandline>' line, and no consequence or action is stated
F58-A102	A	command	src/interfaceModule/app_command_interface.cpp	3220	debug_message	(via executeCommandStatus L_DEBUG)	LOG_FILE::SCRIPT	ERR	P	N	N	-	-	-	-	_("Command 'star_lines': wrong argument")	names the command and a generic fault class ('unknown argument', 'malformed command'); the offending token is visible only through the companion 'Could not execute: <commandline>' line, and no consequence or action is stated
F58-A103	A	command	src/interfaceModule/app_command_interface.cpp	3241	debug_message	(via executeCommandStatus L_DEBUG)	LOG_FILE::SCRIPT	ERR	Y	N	N	-	-	-	-	_("Command 'galaxy_stars': file not found: ") + argLoad	names the offending value (file, image, HP number, object) and nothing else: no consequence, no action, no valid-value shape
F58-A104	A	command	src/interfaceModule/app_command_interface.cpp	3248	debug_message	(via executeCommandStatus L_DEBUG)	LOG_FILE::SCRIPT	ERR	P	N	Y	-	-	-	P	_("Command 'galaxy_stars': wrong argument. Use load filename")	states the command's correct form as the action, without the argument's own valid values or shape
F58-A105	A	command	src/interfaceModule/app_command_interface.cpp	3264	debug_message	(via executeCommandStatus L_DEBUG)	LOG_FILE::SCRIPT	ERR	P	N	N	-	-	-	-	_("Command 'position': unknown parameter")	names the command and a generic fault class ('unknown argument', 'malformed command'); the offending token is visible only through the companion 'Could not execute: <commandline>' line, and no consequence or action is stated
F58-A106	A	command	src/interfaceModule/app_command_interface.cpp	3298	debug_message	(via executeCommandStatus L_DEBUG)	LOG_FILE::SCRIPT	ERR	P	N	N	-	-	-	-	_("Command 'zoom': unknown argument")	names the command and a generic fault class ('unknown argument', 'malformed command'); the offending token is visible only through the companion 'Could not execute: <commandline>' line, and no consequence or action is stated
F58-A107	A	command	src/interfaceModule/app_command_interface.cpp	3392	debug_message	(via executeCommandStatus L_DEBUG)	LOG_FILE::SCRIPT	ERR	P	N	N	-	-	-	-	_("Command 'time_rate': unknown argument")	names the command and a generic fault class ('unknown argument', 'malformed command'); the offending token is visible only through the companion 'Could not execute: <commandline>' line, and no consequence or action is stated
F58-A108	A	command	src/interfaceModule/app_command_interface.cpp	3413	debug_message	(via executeCommandStatus L_DEBUG)	LOG_FILE::SCRIPT	ERR	Y	N	P	-	-	-	P	"command 'move_to' : missing lat && lon && alt"	names the missing/short element, which is a partial action (add THIS argument) but never its form or valid values; no consequence stated
F58-A109	A	command	src/interfaceModule/app_command_interface.cpp	3513	debug_message	(via executeCommandStatus L_DEBUG)	LOG_FILE::SCRIPT	ERR	Y	N	P	-	-	-	P	"Command 'media' argument action need argument 'type'"	names the missing/short element, which is a partial action (add THIS argument) but never its form or valid values; no consequence stated
F58-A110	A	command	src/interfaceModule/app_command_interface.cpp	3528	debug_message	(via executeCommandStatus L_DEBUG)	LOG_FILE::SCRIPT	ERR	Y	N	N	-	-	-	-	_("command 'media': file videoname not found")	names the offending value (file, image, HP number, object) and nothing else: no consequence, no action, no valid-value shape
F58-A111	A	command	src/interfaceModule/app_command_interface.cpp	3550	clog	LOG_TYPE::L_WARNING	LOG_FILE::SCRIPT	BOTH	Y	P	N	Y	P	N	-	"command 'media':: video file has no extension to build language name " + languagedVideoName	the media locale chain: each miss is both an error (the requested localised asset is absent) and an acting default (the chain silently falls through to the next candidate). The candidate tried is named, the FINAL outcome of the chain never is, and no action is offered
F58-A112	A	command	src/interfaceModule/app_command_interface.cpp	3564	clog	LOG_TYPE::L_INFO	LOG_FILE::SCRIPT	INFO	-	-	-	-	-	-	-	"command 'media':: succesfull locale srt " + srtFileName	'succesfull' [sic] - the media chain's positive legs
F58-A113	A	command	src/interfaceModule/app_command_interface.cpp	3566	clog	LOG_TYPE::L_WARNING	LOG_FILE::SCRIPT	BOTH	Y	P	N	Y	P	N	-	"command 'media':: locale srt not found"	the media locale chain: each miss is both an error (the requested localised asset is absent) and an acting default (the chain silently falls through to the next candidate). The candidate tried is named, the FINAL outcome of the chain never is, and no action is offered
F58-A114	A	command	src/interfaceModule/app_command_interface.cpp	3569	clog	LOG_TYPE::L_WARNING	LOG_FILE::SCRIPT	BOTH	Y	P	N	Y	P	N	-	"command 'media':: cannot build locale srt name as video file has no extension " + videoName	the media locale chain: each miss is both an error (the requested localised asset is absent) and an acting default (the chain silently falls through to the next candidate). The candidate tried is named, the FINAL outcome of the chain never is, and no action is offered
F58-A115	A	command	src/interfaceModule/app_command_interface.cpp	3576	clog	LOG_TYPE::L_WARNING	LOG_FILE::SCRIPT	BOTH	Y	P	N	Y	P	N	-	"command 'media':: locale srt not found, trying " + srtName	the media locale chain: each miss is both an error (the requested localised asset is absent) and an acting default (the chain silently falls through to the next candidate). The candidate tried is named, the FINAL outcome of the chain never is, and no action is offered
F58-A116	A	command	src/interfaceModule/app_command_interface.cpp	3581	clog	LOG_TYPE::L_WARNING	LOG_FILE::SCRIPT	BOTH	Y	P	N	Y	P	N	-	"command 'media':: srt file not found " + srtName	the media locale chain: each miss is both an error (the requested localised asset is absent) and an acting default (the chain silently falls through to the next candidate). The candidate tried is named, the FINAL outcome of the chain never is, and no action is offered
F58-A117	A	command	src/interfaceModule/app_command_interface.cpp	3584	clog	LOG_TYPE::L_INFO	LOG_FILE::SCRIPT	INFO	-	-	-	-	-	-	-	"command 'media':: succesfull srt " + srtFileName	'succesfull' [sic] - the media chain's positive legs
F58-A118	A	command	src/interfaceModule/app_command_interface.cpp	3588	clog	LOG_TYPE::L_INFO	LOG_FILE::SCRIPT	INFO	-	-	-	-	-	-	-	"command 'media':: succesfull locale srt " + srtFileName	'succesfull' [sic] - the media chain's positive legs
F58-A119	A	command	src/interfaceModule/app_command_interface.cpp	3593	clog	LOG_TYPE::L_WARNING	LOG_FILE::SCRIPT	BOTH	Y	P	N	Y	P	N	-	"command 'media':: srt file not found " + srtName	the media locale chain: each miss is both an error (the requested localised asset is absent) and an acting default (the chain silently falls through to the next candidate). The candidate tried is named, the FINAL outcome of the chain never is, and no action is offered
F58-A120	A	command	src/interfaceModule/app_command_interface.cpp	3596	clog	LOG_TYPE::L_INFO	LOG_FILE::SCRIPT	INFO	-	-	-	-	-	-	-	"command 'media':: succesfull srt " + srtFileName	'succesfull' [sic] - the media chain's positive legs
F58-A121	A	command	src/interfaceModule/app_command_interface.cpp	3603	clog	LOG_TYPE::L_INFO	LOG_FILE::SCRIPT	INFO	-	-	-	-	-	-	-	"command 'media':: subtitles activated, to show " + srtFileName	'succesfull' [sic] - the media chain's positive legs
F58-A122	A	command	src/interfaceModule/app_command_interface.cpp	3644	clog	LOG_TYPE::L_INFO	LOG_FILE::SCRIPT	INFO	-	-	-	-	-	-	-	"command 'media':: succesfull locale audio " + audioFileName	'succesfull' [sic] - the media chain's positive legs
F58-A123	A	command	src/interfaceModule/app_command_interface.cpp	3646	clog	LOG_TYPE::L_WARNING	LOG_FILE::SCRIPT	BOTH	Y	P	N	Y	P	N	-	"command 'media':: locale audio not found"	the media locale chain: each miss is both an error (the requested localised asset is absent) and an acting default (the chain silently falls through to the next candidate). The candidate tried is named, the FINAL outcome of the chain never is, and no action is offered
F58-A124	A	command	src/interfaceModule/app_command_interface.cpp	3649	clog	LOG_TYPE::L_WARNING	LOG_FILE::SCRIPT	BOTH	Y	P	N	Y	P	N	-	"command 'media':: cannot build locale audio name as video file has no extension " + videoName	the media locale chain: each miss is both an error (the requested localised asset is absent) and an acting default (the chain silently falls through to the next candidate). The candidate tried is named, the FINAL outcome of the chain never is, and no action is offered
F58-A125	A	command	src/interfaceModule/app_command_interface.cpp	3656	clog	LOG_TYPE::L_WARNING	LOG_FILE::SCRIPT	BOTH	Y	P	N	Y	P	N	-	"command 'media':: locale audio not found, trying " + audioName	the media locale chain: each miss is both an error (the requested localised asset is absent) and an acting default (the chain silently falls through to the next candidate). The candidate tried is named, the FINAL outcome of the chain never is, and no action is offered
F58-A126	A	command	src/interfaceModule/app_command_interface.cpp	3661	clog	LOG_TYPE::L_WARNING	LOG_FILE::SCRIPT	BOTH	Y	P	N	Y	P	N	-	"command 'media':: audio file not found " + audioName	the media locale chain: each miss is both an error (the requested localised asset is absent) and an acting default (the chain silently falls through to the next candidate). The candidate tried is named, the FINAL outcome of the chain never is, and no action is offered
F58-A127	A	command	src/interfaceModule/app_command_interface.cpp	3664	clog	LOG_TYPE::L_INFO	LOG_FILE::SCRIPT	INFO	-	-	-	-	-	-	-	"command 'media':: succesfull audio " + audioFileName	'succesfull' [sic] - the media chain's positive legs
F58-A128	A	command	src/interfaceModule/app_command_interface.cpp	3668	clog	LOG_TYPE::L_INFO	LOG_FILE::SCRIPT	INFO	-	-	-	-	-	-	-	"command 'media':: succesfull locale audio " + audioFileName	'succesfull' [sic] - the media chain's positive legs
F58-A129	A	command	src/interfaceModule/app_command_interface.cpp	3673	clog	LOG_TYPE::L_WARNING	LOG_FILE::SCRIPT	BOTH	Y	P	N	Y	P	N	-	"command 'media':: audio not found " + audioName	the media locale chain: each miss is both an error (the requested localised asset is absent) and an acting default (the chain silently falls through to the next candidate). The candidate tried is named, the FINAL outcome of the chain never is, and no action is offered
F58-A130	A	command	src/interfaceModule/app_command_interface.cpp	3676	clog	LOG_TYPE::L_INFO	LOG_FILE::SCRIPT	INFO	-	-	-	-	-	-	-	"command 'media':: succesfull audio " + audioFileName	'succesfull' [sic] - the media chain's positive legs
F58-A131	A	command	src/interfaceModule/app_command_interface.cpp	3774	debug_message	(via executeCommandStatus L_DEBUG)	LOG_FILE::SCRIPT	ERR	P	N	N	-	-	-	-	_("command 'media': unknown parameter")	names the command and a generic fault class ('unknown argument', 'malformed command'); the offending token is visible only through the companion 'Could not execute: <commandline>' line, and no consequence or action is stated
F58-A132	A	command	src/interfaceModule/app_command_interface.cpp	3792	debug_message	(via executeCommandStatus L_DEBUG)	LOG_FILE::SCRIPT	ERR	P	N	N	-	-	-	-	_("Command 'domemasters': unknown action value")	names the command and a generic fault class ('unknown argument', 'malformed command'); the offending token is visible only through the companion 'Could not execute: <commandline>' line, and no consequence or action is stated
F58-A133	A	command	src/interfaceModule/app_command_interface.cpp	3794	debug_message	(via executeCommandStatus L_DEBUG)	LOG_FILE::SCRIPT	ERR	P	N	N	-	-	-	-	_("command 'domemasters': unknown argument")	names the command and a generic fault class ('unknown argument', 'malformed command'); the offending token is visible only through the companion 'Could not execute: <commandline>' line, and no consequence or action is stated
F58-A134	A	command	src/interfaceModule/app_command_interface.cpp	3825	debug_message	(via executeCommandStatus L_DEBUG)	LOG_FILE::SCRIPT	ERR	P	N	N	-	-	-	-	_("Error parsing date local")	reports a parse failure without stating the accepted format - the exact case §11.169's self-containment criterion names (a value space too large to enumerate still owes its grammar)
F58-A135	A	command	src/interfaceModule/app_command_interface.cpp	3837	debug_message	(via executeCommandStatus L_DEBUG)	LOG_FILE::SCRIPT	ERR	P	N	N	-	-	-	-	_("Error parsing date utc")	reports a parse failure without stating the accepted format - the exact case §11.169's self-containment criterion names (a value space too large to enumerate still owes its grammar)
F58-A136	A	command	src/interfaceModule/app_command_interface.cpp	3848	debug_message	(via executeCommandStatus L_DEBUG)	LOG_FILE::SCRIPT	ERR	Y	N	P	-	-	-	P	_("Error date local, vous devez être sur un astre pour utiliser l'argument relative")	states the PRECONDITION the user violated (must be on a body) as the action; written in French inside an otherwise-English channel and wrapped in _() over a French literal, so the translation table is keyed on French here and on English everywhere else
F58-A137	A	command	src/interfaceModule/app_command_interface.cpp	3879	debug_message	(via executeCommandStatus L_DEBUG)	LOG_FILE::SCRIPT	ERR	Y	N	P	-	-	-	P	_("Error date local, vous devez être sur un astre pour utiliser l'argument sideral")	states the PRECONDITION the user violated (must be on a body) as the action; written in French inside an otherwise-English channel and wrapped in _() over a French literal, so the translation table is keyed on French here and on English everywhere else
F58-A138	A	command	src/interfaceModule/app_command_interface.cpp	3914	debug_message	(via executeCommandStatus L_DEBUG)	LOG_FILE::SCRIPT	ERR	P	N	N	-	-	-	-	_("Command 'date': unknown load value")	names the command and a generic fault class ('unknown argument', 'malformed command'); the offending token is visible only through the companion 'Could not execute: <commandline>' line, and no consequence or action is stated
F58-A139	A	command	src/interfaceModule/app_command_interface.cpp	3941	debug_message	(via executeCommandStatus L_DEBUG)	LOG_FILE::SCRIPT	ERR	P	N	N	-	-	-	-	_("command 'date' : unknown argument")	names the command and a generic fault class ('unknown argument', 'malformed command'); the offending token is visible only through the companion 'Could not execute: <commandline>' line, and no consequence or action is stated
F58-A140	A	command	src/interfaceModule/app_command_interface.cpp	4012	debug_message	(via executeCommandStatus L_DEBUG)	LOG_FILE::SCRIPT	ERR	P	N	N	-	-	-	-	_("Command 'body': the current system has no data file to reload")	names the command and a generic fault class ('unknown argument', 'malformed command'); the offending token is visible only through the companion 'Could not execute: <commandline>' line, and no consequence or action is stated || a fuller record for the same failure exists at ssystem_factory.cpp:953 (WHAT+CONS+PREV+SC) - but it goes to LOG_FILE::INTERNAL at L_ERROR while this one goes to LOG_FILE::SCRIPT at L_DEBUG: the script author reads the poorer half
F58-A141	A	command	src/interfaceModule/app_command_interface.cpp	4026	debug_message	(via executeCommandStatus L_DEBUG)	LOG_FILE::SCRIPT	ERR	P	N	N	-	-	-	-	_("Command 'body': the current system could not be saved")	names the command and a generic fault class ('unknown argument', 'malformed command'); the offending token is visible only through the companion 'Could not execute: <commandline>' line, and no consequence or action is stated || same split as :4012 - the full record is at ssystem_factory.cpp:997/:1005/:1021 on the INTERNAL channel
F58-A142	A	command	src/interfaceModule/app_command_interface.cpp	4041	debug_message	(via executeCommandStatus L_DEBUG)	LOG_FILE::SCRIPT	ERR	P	N	N	-	-	-	-	"command 'body' : unknown action argument"	names the command and a generic fault class ('unknown argument', 'malformed command'); the offending token is visible only through the companion 'Could not execute: <commandline>' line, and no consequence or action is stated
F58-A143	A	command	src/interfaceModule/app_command_interface.cpp	4059	debug_message	(via executeCommandStatus L_DEBUG)	LOG_FILE::SCRIPT	ERR	P	N	N	-	-	-	-	_("Command 'body': unknown hidden value")	names the command and a generic fault class ('unknown argument', 'malformed command'); the offending token is visible only through the companion 'Could not execute: <commandline>' line, and no consequence or action is stated
F58-A144	A	command	src/interfaceModule/app_command_interface.cpp	4071	debug_message	(via executeCommandStatus L_DEBUG)	LOG_FILE::SCRIPT	ERR	P	N	N	-	-	-	-	_("Command 'body': unknown orbit value")	names the command and a generic fault class ('unknown argument', 'malformed command'); the offending token is visible only through the companion 'Could not execute: <commandline>' line, and no consequence or action is stated
F58-A145	A	command	src/interfaceModule/app_command_interface.cpp	4110	debug_message	(via executeCommandStatus L_DEBUG)	LOG_FILE::SCRIPT	ERR	Y	Y	Y	-	-	-	Y	_("Command 'body' datum_radius: value must be >= 0 km " "(0 = enterable/transparent body, the body radius = solid surface, " "radius*1.002 = terrain clearance). datum_radius unchanged; reissue " "with a non-negative km value.")	GOLD: names the offending value, states what stays unchanged, gives an action, and states the valid domain or its shape - all four elements in one record
F58-A146	A	command	src/interfaceModule/app_command_interface.cpp	4115	debug_message	(via executeCommandStatus L_DEBUG)	LOG_FILE::SCRIPT	ERR	Y	Y	Y	-	-	-	Y	_("Command 'body' datum_radius: no body named '") + argName + _("'. datum_radius unchanged; load the body first ('body action load').")	GOLD: names the offending value, states what stays unchanged, gives an action, and states the valid domain or its shape - all four elements in one record
F58-A147	A	command	src/interfaceModule/app_command_interface.cpp	4125	debug_message	(via executeCommandStatus L_DEBUG)	LOG_FILE::SCRIPT	ERR	Y	Y	Y	-	-	-	Y	_("Command 'body' ground_radius: value must be >= 0 km " "(0 = enterable body, descend to the centre; the body radius = solid " "floor; radius*1.002 = terrain clearance). ground_radius unchanged; " "reissue with a non-negative km value.")	GOLD: names the offending value, states what stays unchanged, gives an action, and states the valid domain or its shape - all four elements in one record
F58-A148	A	command	src/interfaceModule/app_command_interface.cpp	4130	debug_message	(via executeCommandStatus L_DEBUG)	LOG_FILE::SCRIPT	ERR	Y	Y	Y	-	-	-	Y	_("Command 'body' ground_radius: no body named '") + argName + _("'. ground_radius unchanged; load the body first ('body action load').")	GOLD: names the offending value, states what stays unchanged, gives an action, and states the valid domain or its shape - all four elements in one record
F58-A149	A	command	src/interfaceModule/app_command_interface.cpp	4136	debug_message	(via executeCommandStatus L_DEBUG)	LOG_FILE::SCRIPT	ERR	P	N	N	-	-	-	-	_("Command 'body': case name unknown argument")	names the command and a generic fault class ('unknown argument', 'malformed command'); the offending token is visible only through the companion 'Could not execute: <commandline>' line, and no consequence or action is stated
F58-A150	A	command	src/interfaceModule/app_command_interface.cpp	4145	debug_message	(via executeCommandStatus L_DEBUG)	LOG_FILE::SCRIPT	ERR	P	N	N	-	-	-	-	_("Command 'body': unknown argument")	names the command and a generic fault class ('unknown argument', 'malformed command'); the offending token is visible only through the companion 'Could not execute: <commandline>' line, and no consequence or action is stated
F58-A151	A	command	src/interfaceModule/app_command_interface.cpp	4160	debug_message	(via executeCommandStatus L_DEBUG)	LOG_FILE::SCRIPT	ERR	P	N	N	-	-	-	-	_("Command 'font': unknown action argument")	names the command and a generic fault class ('unknown argument', 'malformed command'); the offending token is visible only through the companion 'Could not execute: <commandline>' line, and no consequence or action is stated
F58-A152	A	command	src/interfaceModule/app_command_interface.cpp	4166	debug_message	(via executeCommandStatus L_DEBUG)	LOG_FILE::SCRIPT	ERR	Y	N	P	-	-	-	P	_("Command 'font': missing target argument")	names the missing/short element, which is a partial action (add THIS argument) but never its form or valid values; no consequence stated
F58-A153	A	command	src/interfaceModule/app_command_interface.cpp	4177	debug_message	(via executeCommandStatus L_DEBUG)	LOG_FILE::SCRIPT	ERR	Y	N	N	-	-	-	-	"command 'font' : filename "+ fileName + " can't be found"	names the offending value (file, image, HP number, object) and nothing else: no consequence, no action, no valid-value shape || the message is written TWICE: explicitly at :4178 and again by executeCommandStatus at :1174
F58-A154	A	command	src/interfaceModule/app_command_interface.cpp	4178	clog	LOG_TYPE::L_DEBUG	LOG_FILE::SCRIPT	CHAN	-	-	-	-	-	-	-	debug_message	emits another site's record; owns no content of its own. :312 is the one that writes a variable known to be empty
F58-A155	A	command	src/interfaceModule/app_command_interface.cpp	4182	debug_message	(via executeCommandStatus L_DEBUG)	LOG_FILE::SCRIPT	ERR	Y	N	P	-	-	-	P	_("Command 'font': missing filename argument")	names the missing/short element, which is a partial action (add THIS argument) but never its form or valid values; no consequence stated
F58-A156	A	command	src/interfaceModule/app_command_interface.cpp	4193	debug_message	(via executeCommandStatus L_DEBUG)	LOG_FILE::SCRIPT	ERR	P	N	N	-	-	-	-	"command 'camera' : action argument"	names the command and a generic fault class ('unknown argument', 'malformed command'); the offending token is visible only through the companion 'Could not execute: <commandline>' line, and no consequence or action is stated
F58-A157	A	command	src/interfaceModule/app_command_interface.cpp	4200	debug_message	(via executeCommandStatus L_DEBUG)	LOG_FILE::SCRIPT	ERR	Y	N	P	-	-	-	P	"command 'camera' : missing target"	names the missing/short element, which is a partial action (add THIS argument) but never its form or valid values; no consequence stated
F58-A158	A	command	src/interfaceModule/app_command_interface.cpp	4212	debug_message	(via executeCommandStatus L_DEBUG)	LOG_FILE::SCRIPT	ERR	Y	N	P	-	-	-	P	"command 'align_with' : missing body"	names the missing/short element, which is a partial action (add THIS argument) but never its form or valid values; no consequence stated
F58-A159	A	command	src/interfaceModule/app_command_interface.cpp	4226	debug_message	(via executeCommandStatus L_DEBUG)	LOG_FILE::SCRIPT	ERR	P	N	N	-	-	-	-	"error align_with_body body"	reports that an operation failed without naming a reason, a consequence or an action ('error <op>', 'Error loading X.')
F58-A160	A	command	src/interfaceModule/app_command_interface.cpp	4236	debug_message	(via executeCommandStatus L_DEBUG)	LOG_FILE::SCRIPT	ERR	Y	N	P	-	-	-	P	"command 'transition_to' : missing target"	names the missing/short element, which is a partial action (add THIS argument) but never its form or valid values; no consequence stated
F58-A161	A	command	src/interfaceModule/app_command_interface.cpp	4244	debug_message	(via executeCommandStatus L_DEBUG)	LOG_FILE::SCRIPT	ERR	P	N	N	-	-	-	-	"error transition_to point"	reports that an operation failed without naming a reason, a consequence or an action ('error <op>', 'Error loading X.')
F58-A162	A	command	src/interfaceModule/app_command_interface.cpp	4252	debug_message	(via executeCommandStatus L_DEBUG)	LOG_FILE::SCRIPT	ERR	Y	N	P	-	-	-	P	"command 'transition_to' : missing target name"	names the missing/short element, which is a partial action (add THIS argument) but never its form or valid values; no consequence stated
F58-A163	A	command	src/interfaceModule/app_command_interface.cpp	4259	debug_message	(via executeCommandStatus L_DEBUG)	LOG_FILE::SCRIPT	ERR	P	N	N	-	-	-	-	"error transition_to body"	reports that an operation failed without naming a reason, a consequence or an action ('error <op>', 'Error loading X.')
F58-A164	A	command	src/interfaceModule/app_command_interface.cpp	4263	debug_message	(via executeCommandStatus L_DEBUG)	LOG_FILE::SCRIPT	ERR	P	N	N	-	-	-	-	"command 'transition_to' : unknown target arg"	names the command and a generic fault class ('unknown argument', 'malformed command'); the offending token is visible only through the companion 'Could not execute: <commandline>' line, and no consequence or action is stated
F58-A165	A	command	src/interfaceModule/app_command_interface.cpp	4272	debug_message	(via executeCommandStatus L_DEBUG)	LOG_FILE::SCRIPT	ERR	Y	N	P	-	-	-	P	"command 'move_to' : missing target"	names the missing/short element, which is a partial action (add THIS argument) but never its form or valid values; no consequence stated
F58-A166	A	command	src/interfaceModule/app_command_interface.cpp	4283	debug_message	(via executeCommandStatus L_DEBUG)	LOG_FILE::SCRIPT	ERR	Y	N	P	-	-	-	P	"command 'move_to point' : missing a coordinate"	names the missing/short element, which is a partial action (add THIS argument) but never its form or valid values; no consequence stated
F58-A167	A	command	src/interfaceModule/app_command_interface.cpp	4297	debug_message	(via executeCommandStatus L_DEBUG)	LOG_FILE::SCRIPT	ERR	P	N	N	-	-	-	-	"error move_to point"	reports that an operation failed without naming a reason, a consequence or an action ('error <op>', 'Error loading X.')
F58-A168	A	command	src/interfaceModule/app_command_interface.cpp	4306	debug_message	(via executeCommandStatus L_DEBUG)	LOG_FILE::SCRIPT	ERR	Y	N	P	-	-	-	P	"command 'move_to body' : missing a body_name or time"	names the missing/short element, which is a partial action (add THIS argument) but never its form or valid values; no consequence stated
F58-A169	A	command	src/interfaceModule/app_command_interface.cpp	4320	debug_message	(via executeCommandStatus L_DEBUG)	LOG_FILE::SCRIPT	ERR	P	N	N	-	-	-	-	"error move_to body"	reports that an operation failed without naming a reason, a consequence or an action ('error <op>', 'Error loading X.')
F58-A170	A	command	src/interfaceModule/app_command_interface.cpp	4327	debug_message	(via executeCommandStatus L_DEBUG)	LOG_FILE::SCRIPT	ERR	P	N	N	-	-	-	-	"command 'camera' : unknown target arg"	names the command and a generic fault class ('unknown argument', 'malformed command'); the offending token is visible only through the companion 'Could not execute: <commandline>' line, and no consequence or action is stated
F58-A171	A	command	src/interfaceModule/app_command_interface.cpp	4342	debug_message	(via executeCommandStatus L_DEBUG)	LOG_FILE::SCRIPT	ERR	P	N	N	-	-	-	-	"error saving camera"	reports that an operation failed without naming a reason, a consequence or an action ('error <op>', 'Error loading X.')
F58-A172	A	command	src/interfaceModule/app_command_interface.cpp	4350	debug_message	(via executeCommandStatus L_DEBUG)	LOG_FILE::SCRIPT	ERR	Y	N	P	-	-	-	P	"command 'camera load' : missing file name"	names the missing/short element, which is a partial action (add THIS argument) but never its form or valid values; no consequence stated
F58-A173	A	command	src/interfaceModule/app_command_interface.cpp	4357	debug_message	(via executeCommandStatus L_DEBUG)	LOG_FILE::SCRIPT	ERR	P	N	N	-	-	-	-	"error loading CameraAnchor"	reports that an operation failed without naming a reason, a consequence or an action ('error <op>', 'Error loading X.')
F58-A174	A	command	src/interfaceModule/app_command_interface.cpp	4367	debug_message	(via executeCommandStatus L_DEBUG)	LOG_FILE::SCRIPT	ERR	Y	N	P	-	-	-	P	"command 'camera free_mode' : missing state"	names the missing/short element, which is a partial action (add THIS argument) but never its form or valid values; no consequence stated
F58-A175	A	command	src/interfaceModule/app_command_interface.cpp	4381	debug_message	(via executeCommandStatus L_DEBUG)	LOG_FILE::SCRIPT	ERR	Y	N	P	-	-	-	P	"command 'camera descend' : missing coef"	names the missing/short element, which is a partial action (add THIS argument) but never its form or valid values; no consequence stated
F58-A176	A	command	src/interfaceModule/app_command_interface.cpp	4394	debug_message	(via executeCommandStatus L_DEBUG)	LOG_FILE::SCRIPT	ERR	Y	N	P	-	-	-	P	"command 'camera lift_off' : missing altitude"	names the missing/short element, which is a partial action (add THIS argument) but never its form or valid values; no consequence stated
F58-A177	A	command	src/interfaceModule/app_command_interface.cpp	4412	debug_message	(via executeCommandStatus L_DEBUG)	LOG_FILE::SCRIPT	ERR	Y	N	P	-	-	-	P	"command 'camera' : missing name"	names the missing/short element, which is a partial action (add THIS argument) but never its form or valid values; no consequence stated
F58-A178	A	command	src/interfaceModule/app_command_interface.cpp	4420	debug_message	(via executeCommandStatus L_DEBUG)	LOG_FILE::SCRIPT	ERR	P	N	N	-	-	-	-	"error creating CameraAnchor"	reports that an operation failed without naming a reason, a consequence or an action ('error <op>', 'Error loading X.')
F58-A179	A	command	src/interfaceModule/app_command_interface.cpp	4428	debug_message	(via executeCommandStatus L_DEBUG)	LOG_FILE::SCRIPT	ERR	P	N	N	-	-	-	-	"error drop CameraAnchor"	reports that an operation failed without naming a reason, a consequence or an action ('error <op>', 'Error loading X.')
F58-A180	A	command	src/interfaceModule/app_command_interface.cpp	4436	debug_message	(via executeCommandStatus L_DEBUG)	LOG_FILE::SCRIPT	ERR	P	N	N	-	-	-	-	"error switch CameraAnchor"	reports that an operation failed without naming a reason, a consequence or an action ('error <op>', 'Error loading X.')
F58-A181	A	command	src/interfaceModule/app_command_interface.cpp	4447	debug_message	(via executeCommandStatus L_DEBUG)	LOG_FILE::SCRIPT	ERR	P	N	N	-	-	-	-	"error camera follow_rotation"	reports that an operation failed without naming a reason, a consequence or an action ('error <op>', 'Error loading X.')
F58-A182	A	command	src/interfaceModule/app_command_interface.cpp	4451	debug_message	(via executeCommandStatus L_DEBUG)	LOG_FILE::SCRIPT	ERR	P	N	N	-	-	-	-	"command 'camera' : unknown action argument"	names the command and a generic fault class ('unknown argument', 'malformed command'); the offending token is visible only through the companion 'Could not execute: <commandline>' line, and no consequence or action is stated
F58-A183	A	command	src/interfaceModule/app_command_interface.cpp	4490	debug_message	(via executeCommandStatus L_DEBUG)	LOG_FILE::SCRIPT	ERR	N	N	N	-	-	-	-	"Unexpected error in command_define"	an internal-assertion message with no user-facing content ('unexpected error in command_X', 'system error'): the reader learns nothing at all
F58-A184	A	command	src/interfaceModule/app_command_interface.cpp	4503	debug_message	(via executeCommandStatus L_DEBUG)	LOG_FILE::SCRIPT	ERR	N	N	N	-	-	-	-	"unexpected error in command_addition"	an internal-assertion message with no user-facing content ('unexpected error in command_X', 'system error'): the reader learns nothing at all
F58-A185	A	command	src/interfaceModule/app_command_interface.cpp	4516	debug_message	(via executeCommandStatus L_DEBUG)	LOG_FILE::SCRIPT	ERR	N	N	N	-	-	-	-	"unexpected error in command_substract"	an internal-assertion message with no user-facing content ('unexpected error in command_X', 'system error'): the reader learns nothing at all
F58-A186	A	command	src/interfaceModule/app_command_interface.cpp	4530	debug_message	(via executeCommandStatus L_DEBUG)	LOG_FILE::SCRIPT	ERR	N	N	N	-	-	-	-	"unexpected error in command__multiply"	an internal-assertion message with no user-facing content ('unexpected error in command_X', 'system error'): the reader learns nothing at all
F58-A187	A	command	src/interfaceModule/app_command_interface.cpp	4543	debug_message	(via executeCommandStatus L_DEBUG)	LOG_FILE::SCRIPT	ERR	N	N	N	-	-	-	-	"unexpected error in command__divide"	an internal-assertion message with no user-facing content ('unexpected error in command_X', 'system error'): the reader learns nothing at all
F58-A188	A	command	src/interfaceModule/app_command_interface.cpp	4556	debug_message	(via executeCommandStatus L_DEBUG)	LOG_FILE::SCRIPT	ERR	N	N	N	-	-	-	-	"unexpected error in command__modulo"	an internal-assertion message with no user-facing content ('unexpected error in command_X', 'system error'): the reader learns nothing at all
F58-A189	A	command	src/interfaceModule/app_command_interface.cpp	4569	debug_message	(via executeCommandStatus L_DEBUG)	LOG_FILE::SCRIPT	ERR	N	N	N	-	-	-	-	"unexpected error in command__tangent"	an internal-assertion message with no user-facing content ('unexpected error in command_X', 'system error'): the reader learns nothing at all
F58-A190	A	command	src/interfaceModule/app_command_interface.cpp	4582	debug_message	(via executeCommandStatus L_DEBUG)	LOG_FILE::SCRIPT	ERR	N	N	N	-	-	-	-	"unexpected error in command__trunc"	an internal-assertion message with no user-facing content ('unexpected error in command_X', 'system error'): the reader learns nothing at all
F58-A191	A	command	src/interfaceModule/app_command_interface.cpp	4595	debug_message	(via executeCommandStatus L_DEBUG)	LOG_FILE::SCRIPT	ERR	N	N	N	-	-	-	-	"unexpected error in command__sinus"	an internal-assertion message with no user-facing content ('unexpected error in command_X', 'system error'): the reader learns nothing at all
F58-A192	A	command	src/interfaceModule/app_command_interface.cpp	4723	debug_message	(via executeCommandStatus L_DEBUG)	LOG_FILE::SCRIPT	ERR	P	N	N	-	-	-	-	_("unknown random parameter")	names the command and a generic fault class ('unknown argument', 'malformed command'); the offending token is visible only through the companion 'Could not execute: <commandline>' line, and no consequence or action is stated
F58-A193	A	command	src/interfaceModule/app_command_interface.cpp	4745	debug_message	(via executeCommandStatus L_DEBUG)	LOG_FILE::SCRIPT	ERR	P	N	N	-	-	-	-	_("command 'transition': unknown argument")	names the command and a generic fault class ('unknown argument', 'malformed command'); the offending token is visible only through the companion 'Could not execute: <commandline>' line, and no consequence or action is stated
F58-A194	A	command	src/interfaceModule/app_command_eval.cpp	139	std::cout	(console)	(console)	ERR	Y	P	N	-	-	-	-	mArg << " is a reservedVar so you can't define it" << std::endl	'<name> is a reservedVar so you can't define it' goes to std::cout ONLY - never to any log file, so a script author has no record of it
F58-A195	A	command	src/interfaceModule/app_command_eval.cpp	213	clog	LOG_TYPE::L_WARNING	LOG_FILE::SCRIPT	ACT	-	-	-	Y	N	N	N	"Not possible to operate with undefined variable so define to null from ops"	'...so define to null from ops' - the CONTENT IS WRONG: the call that follows is define(mArg, mValue) [ :214 ], which sets the variable to mValue when mValue parses as a number [ :146-152 ] and only to 0 when it does not. The record states a decision the code did not take
F58-A196	A	command	src/interfaceModule/app_command_eval.cpp	259	clog	LOG_TYPE::L_INFO	LOG_FILE::SCRIPT	INFO	-	-	-	-	-	-	-	"Not variable available"	'Not variable available' [sic]
F58-A197	A	command	src/interfaceModule/app_command_eval.cpp	264	clog	LOG_TYPE::L_INFO	LOG_FILE::SCRIPT	INFO	-	-	-	-	-	-	-	var_it->first + " => " + var_it->second.first	variable dump
F58-A198	A	command	src/interfaceModule/app_command_eval.cpp	342	clog	LOG_TYPE::L_WARNING	LOG_FILE::SCRIPT	ACT	-	-	-	Y	Y	N	N	"Unknown reserved variable " + var +". Default 0.0 is returned."	'Unknown reserved variable <v>. Default 0.0 is returned.' - cause and content present, override absent, and the valid values ARE enumerable: m_reservedVar holds 24 names [ :37-64 ] and not one is printed
F58-A199	A	command	src/interfaceModule/app_command_eval.cpp	368	clog	LOG_TYPE::L_WARNING	LOG_FILE::SCRIPT	ACT	-	-	-	Y	Y	N	N	"No setter with reserved variable " + var +". Do nothing."	'No setter with reserved variable <v>. Do nothing.' - the read-only reserved variables are enumerable and not enumerated
F58-A200	A	command	src/interfaceModule/app_command_eval.cpp	372	clog	LOG_TYPE::L_WARNING	LOG_FILE::SCRIPT	ACT	-	-	-	Y	Y	N	N	"Unknown reserved variable " + var +". Do nothing."	same as :342 on the write side
F58-A201	A	command	src/interfaceModule/app_command_init.cpp	29	clog	LOG_TYPE::L_DEBUG	LOG_FILE::SCRIPT	ERR	Y	N	N	-	-	-	-	source + " is no longer used in software"	'<token> is no longer used in software' names the dead token but not its replacement, and it RETURNS EARLY [ :374-375 ] so the obsolete token is the one case that gets no suggestion at all
F58-A202	A	command	src/interfaceModule/app_command_init.cpp	385	clog	LOG_TYPE::L_DEBUG	LOG_FILE::SCRIPT	ERR	Y	N	P	-	-	-	P	helpMsg	'<token> is unknown. Did you mean <x> ?' - one nearest-neighbour guess with NO distance threshold (minDistance starts at 99999 and is never bounded [ :371-383 ]), so an arbitrary token still receives a confident suggestion. A guess is not an enumeration
F58-A203	A	script	src/scriptModule/script.cpp	49	clog	LOG_TYPE::L_DEBUG	LOG_FILE::SCRIPT	TRACE	-	-	-	-	-	-	-	"Token script : " + path + " : " + elmt	token/print dump
F58-A204	A	script	src/scriptModule/script.cpp	70	clog	LOG_TYPE::L_DEBUG	LOG_FILE::SCRIPT	TRACE	-	-	-	-	-	-	-	"Printing script: --BEGIN"	token/print dump
F58-A205	A	script	src/scriptModule/script.cpp	72	clog	LOG_TYPE::L_DEBUG	LOG_FILE::SCRIPT	TRACE	-	-	-	-	-	-	-	" " + pMove->getToken()	token/print dump
F58-A206	A	script	src/scriptModule/script.cpp	75	clog	LOG_TYPE::L_DEBUG	LOG_FILE::SCRIPT	TRACE	-	-	-	-	-	-	-	"Printing script: --END"	token/print dump
F58-A207	A	script	src/scriptModule/script.cpp	104	clog	LOG_TYPE::L_ERROR	LOG_FILE::SCRIPT	ERR	Y	N	N	-	-	-	-	"Unable to open script: " + script_file	'Unable to open script: <file>' - no reason (missing? unreadable?), no consequence, no action
F58-A208	A	script	src/scriptModule/script.cpp	174	clog	LOG_TYPE::L_INFO	LOG_FILE::SCRIPT	INFO	-	-	-	-	-	-	-	"End of script"	
F58-A209	A	script	src/scriptModule/script.cpp	183	clog	LOG_TYPE::L_WARNING	LOG_FILE::SCRIPT	ERR	P	N	N	-	-	-	-	"End of script detected but not at end of the execution stack"	'End of script detected but not at end of the execution stack' - an internal-state complaint in the user's channel
F58-A210	A	script	src/scriptModule/script_mgr.cpp	65	clog	LOG_TYPE::L_INFO	LOG_FILE::INTERNAL	INFO	-	-	-	-	-	-	-	"ScriptMgr: load "+ fullFileName	the same line written twice, to two sinks
F58-A211	A	script	src/scriptModule/script_mgr.cpp	66	clog	LOG_TYPE::L_INFO	LOG_FILE::SCRIPT	INFO	-	-	-	-	-	-	-	"ScriptMgr: load "+ fullFileName	the same line written twice, to two sinks
F58-A212	A	script	src/scriptModule/script_mgr.cpp	111	clog	LOG_TYPE::L_INFO	LOG_FILE::SCRIPT	INFO	-	-	-	-	-	-	-	"ScriptMgr: script end"	
F58-A213	A	script	src/scriptModule/script_mgr.cpp	134	clog	LOG_TYPE::L_INFO	LOG_FILE::SCRIPT	INFO	-	-	-	-	-	-	-	"ScriptMgr::script action pause"	
F58-A214	A	script	src/scriptModule/script_mgr.cpp	145	clog	LOG_TYPE::L_INFO	LOG_FILE::SCRIPT	INFO	-	-	-	-	-	-	-	"ScriptMgr::script action resume"	
F58-A215	A	script	src/scriptModule/script_mgr.cpp	200	clog	LOG_TYPE::L_WARNING	LOG_FILE::SCRIPT	ERR	Y	P	N	-	-	-	-	"ScriptMgr::Already recording script"	'Already recording script'
F58-A216	A	script	src/scriptModule/script_mgr.cpp	203	clog	LOG_TYPE::L_INFO	LOG_FILE::SCRIPT	INFO	-	-	-	-	-	-	-	"ScriptMgr::Script recording stopped."	
F58-A217	A	script	src/scriptModule/script_mgr.cpp	233	clog	LOG_TYPE::L_INFO	LOG_FILE::SCRIPT	INFO	-	-	-	-	-	-	-	"ScriptMgr::Now recording actions to file: " + script_filename	
F58-A218	A	script	src/scriptModule/script_mgr.cpp	235	clog	LOG_TYPE::L_ERROR	LOG_FILE::SCRIPT	ERR	Y	N	N	-	-	-	-	"ScriptMgr::Error opening script file for writing: " + script_filename	'Error opening script file for writing: <file>' - no reason, no action
F58-A219	A	script	src/scriptModule/script_mgr.cpp	254	clog	LOG_TYPE::L_DEBUG	LOG_FILE::SCRIPT	TRACE	-	-	-	-	-	-	-	"RECORD: " + commandline	
F58-A220	A	script	src/scriptModule/script_mgr.cpp	263	clog	LOG_TYPE::L_INFO	LOG_FILE::SCRIPT	INFO	-	-	-	-	-	-	-	"ScriptMgr::Script recording stopped."	
F58-A221	A	script	src/scriptModule/script_mgr.cpp	278	clog	LOG_TYPE::L_WARNING	LOG_FILE::SCRIPT	ERR	Y	N	P	-	-	-	N	"ScriptMgr::acquireGlobalLock - Can't simultaneously acquire more than 255 locks - one script is leaking a lock !"	'one script is leaking a lock !' names the cause but gives the reader no way to find WHICH script or lock
F58-A222	A	script	src/scriptModule/script_mgr.cpp	360	clog	LOG_TYPE::L_ERROR	LOG_FILE::INTERNAL	ERR	P	N	N	-	-	-	-	"ScriptMgr::Unable to read script directory"	'Unable to read script directory' - the directory is not named, and it is configurable
F58-A223	A	tcp	src/tools/io.cpp	370	clog	LOG_TYPE::L_WARNING	LOG_FILE::INTERNAL	ACT	-	-	-	P	N	N	N	"ServerSocket data setOutput too big"	'ServerSocket data setOutput too big' - the next statement is data.resize(MAX_BUFFER) [ :372 ]: the answer is SILENTLY TRUNCATED and the record never says so, never gives the size or the limit, and the truncated answer still goes out to the client as if whole
F58-A224	A	tcp	src/tools/io.cpp	560	printf	(console)	(console)	TRACE	-	-	-	-	-	-	-	"%s\n", string.c_str()	ungated printf on stdout for EVERY HTTP request (marked //Debug in source but compiled in): the request line, url, file, path, parameters and command
F58-A225	A	tcp	src/tools/io.cpp	563	printf	(console)	(console)	TRACE	-	-	-	-	-	-	-	"URL : \"%s\"\n", url.c_str()	ungated printf on stdout for EVERY HTTP request (marked //Debug in source but compiled in): the request line, url, file, path, parameters and command
F58-A226	A	tcp	src/tools/io.cpp	566	printf	(console)	(console)	TRACE	-	-	-	-	-	-	-	"FILE : \"%s\"\n", urlFile.c_str()	ungated printf on stdout for EVERY HTTP request (marked //Debug in source but compiled in): the request line, url, file, path, parameters and command
F58-A227	A	tcp	src/tools/io.cpp	571	printf	(console)	(console)	TRACE	-	-	-	-	-	-	-	"\"FILE PATH : %s\"\n", filename.c_str()	ungated printf on stdout for EVERY HTTP request (marked //Debug in source but compiled in): the request line, url, file, path, parameters and command
F58-A228	A	tcp	src/tools/io.cpp	575	printf	(console)	(console)	TRACE	-	-	-	-	-	-	-	"PARAM : \"%s\"\n", urlParam.c_str()	ungated printf on stdout for EVERY HTTP request (marked //Debug in source but compiled in): the request line, url, file, path, parameters and command
F58-A229	A	tcp	src/tools/io.cpp	583	printf	(console)	(console)	TRACE	-	-	-	-	-	-	-	"COMMAND : \"%s\"\n", command.c_str()	ungated printf on stdout for EVERY HTTP request (marked //Debug in source but compiled in): the request line, url, file, path, parameters and command
F58-A230	A	tcp	src/tools/io.cpp	722	clog	LOG_TYPE::L_WARNING	LOG_FILE::INTERNAL	ERR	Y	Y	Y	-	-	-	Y	"TCP : nobody to answer \"" + out.data.substr(0, 60) + "\" to - the connection that asked is gone and no client " "subscribed to the feedback channel with $LOGON"	GOLD: names what could not be delivered, why nobody received it, and the exact action ($LOGON on the feedback channel)
F58-A231	A	intake	src/appModule/app.cpp	124	clog	LOG_TYPE::L_INFO	LOG_FILE::INTERNAL	INFO	-	-	-	-	-	-	-	"Projection mode: " + projectionStr + " (type=" + std::to_string(Context::projectionType) + ")"	
F58-A232	A	intake	src/appModule/app.cpp	128	clog	LOG_TYPE::L_INFO	LOG_FILE::INTERNAL	INFO	-	-	-	-	-	-	-	"Rear projection: " + rearProjectionStr + " (enabled=" + std::to_string(Context::rearProjection) + ")"	
F58-A233	A	intake	src/appModule/app.cpp	210	clog	LOG_TYPE::L_WARNING	LOG_FILE::INTERNAL	INFO	-	-	-	-	-	-	-	"Performance issue : Frame flush is enabled -- Only enable this if you suspect a bug in the synchronization mechanism."	an advisory about an EXPLICIT config choice: no error occurred and nothing was decided implicitly, so neither schema applies - listed so the boundary is visible
F58-A234	A	intake	src/appModule/app.cpp	265	clog	LOG_TYPE::L_INFO	LOG_FILE::INTERNAL	INFO	-	-	-	-	-	-	-	"Initializing Vulkan..."	
F58-A235	A	intake	src/appModule/app.cpp	305	clog	LOG_TYPE::L_WARNING	LOG_FILE::INTERNAL	ACT	-	-	-	Y	N	P	Y	"shadow_resolution MUSTN'T exceed " + std::to_string(SHADOW_MAX_SIZE)	'shadow_resolution MUSTN'T exceed <max>' - the clamp at :304 sets shadowRes = SHADOW_MAX_SIZE and the record NEVER SAYS WHAT IT USED. The sibling three lines below does say it
F58-A236	A	intake	src/appModule/app.cpp	308	clog	LOG_TYPE::L_WARNING	LOG_FILE::INTERNAL	ACT	-	-	-	Y	Y	P	Y	"shadow_resolution MUST be a multiple of " + std::to_string(SHADOW_LOCAL_SIZE) + " - fallback to shadow_resolution of " + std::to_string(context.shadowRes)	'...MUST be a multiple of <n> - fallback to shadow_resolution of <v>' - cause, content and the value's shape all present; the override is implied (set a conforming value) but the key's file/section is not named
F58-A237	A	intake	src/appModule/app.cpp	475	clog	LOG_TYPE::L_INFO	LOG_FILE::INTERNAL	INFO	-	-	-	-	-	-	-	"Finalizing Vulkan initialization..."	
F58-A238	A	intake	src/appModule/app.cpp	513	clog	LOG_TYPE::L_INFO	LOG_FILE::INTERNAL	INFO	-	-	-	-	-	-	-	"Vulkan initialization completed"	
F58-A239	A	intake	src/appModule/app.cpp	654	clog	LOG_TYPE::L_INFO	LOG_FILE::INTERNAL	INFO	-	-	-	-	-	-	-	"Read daykeymode as <" + DayKeyMode + ">"	
F58-A240	A	intake	src/appModule/app.cpp	731	clog	LOG_TYPE::L_INFO	LOG_FILE::INTERNAL	INFO	-	-	-	-	-	-	-	"buffer TCP size " + std::to_string(buffer_in_size)	
F58-A241	A	intake	src/appModule/app.cpp	741	clog	LOG_TYPE::L_INFO	LOG_FILE::INTERNAL	INFO	-	-	-	-	-	-	-	"buffer MKFIFO size "+ std::to_string(buffer_in_size)	
F58-A242	A	intake	src/appModule/app.cpp	745	clog	LOG_TYPE::L_INFO	LOG_FILE::INTERNAL	INFO	-	-	-	-	-	-	-	CallSystem::getRamInfo()	
F58-A243	A	intake	src/appModule/app.cpp	747	clog	LOG_TYPE::L_INFO	LOG_FILE::INTERNAL	INFO	-	-	-	-	-	-	-	"End of loading SC"	
F58-A244	A	intake	src/appModule/app.cpp	748	clog	LOG_TYPE::L_INFO	LOG_FILE::SCRIPT	INFO	-	-	-	-	-	-	-	"End of loading SC"	
F58-A245	A	intake	src/appModule/app.cpp	761	clog	LOG_TYPE::L_INFO	LOG_FILE::INTERNAL	INFO	-	-	-	-	-	-	-	"get mkfifo: " + out	the TCP/mkfifo intake echo. App::updateFromSharedData DISCARDS executeCommand's return [ :762, :771 ], so no refusal ever travels back to the client that sent the command
F58-A246	A	intake	src/appModule/app.cpp	770	clog	LOG_TYPE::L_INFO	LOG_FILE::INTERNAL	INFO	-	-	-	-	-	-	-	"get tcp : " + out	the TCP/mkfifo intake echo. App::updateFromSharedData DISCARDS executeCommand's return [ :762, :771 ], so no refusal ever travels back to the client that sent the command
F58-A247	A	intake	src/appModule/app.cpp	927	clog	LOG_TYPE::L_INFO	LOG_FILE::INTERNAL	INFO	-	-	-	-	-	-	-	"Application locale is " + Translator::globalTranslator.getLocaleName()	
F58-A248	A	intake	src/appModule/app.cpp	935	clog	LOG_TYPE::L_INFO	LOG_FILE::INTERNAL	INFO	-	-	-	-	-	-	-	"Saving configuration file " + confFile + " ..."	
F58-A249	A	intake	src/appModule/mkfifo.cpp	70	clog	LOG_TYPE::L_INFO	LOG_FILE::TCP	INFO	-	-	-	-	-	-	-	"Thread MKFIFO, buffer_in_size is "+std::to_string(buffer_size)	
F58-A250	A	intake	src/appModule/mkfifo.cpp	76	clog	LOG_TYPE::L_INFO	LOG_FILE::INTERNAL	INFO	-	-	-	-	-	-	-	"Pipe named " + filename	
F58-A251	A	intake	src/appModule/mkfifo.cpp	80	clog	LOG_TYPE::L_ERROR	LOG_FILE::TCP	ERR	P	N	N	-	-	-	-	"Error creating MkFifo pipe thread in_thread "+std::to_string(errno)	reports a bare numeric errno instead of strerror(errno): the reader must look up an integer to learn what failed - a self-containment failure of the most mechanical kind
F58-A252	A	intake	src/appModule/mkfifo.cpp	83	clog	LOG_TYPE::L_INFO	LOG_FILE::INTERNAL	INFO	-	-	-	-	-	-	-	"Creating Mkfifo pipe successfull"	
F58-A253	A	intake	src/appModule/mkfifo.cpp	87	clog	LOG_TYPE::L_ERROR	LOG_FILE::TCP	ERR	P	N	N	-	-	-	-	"Unable to open named mkfifo pipe, error code is "+std::to_string(errno)	reports a bare numeric errno instead of strerror(errno): the reader must look up an integer to learn what failed - a self-containment failure of the most mechanical kind
F58-A254	A	intake	src/appModule/mkfifo.cpp	95	clog	LOG_TYPE::L_ERROR	LOG_FILE::TCP	ERR	P	N	N	-	-	-	-	"Mkfifo read() error "+std::to_string(errno)	reports a bare numeric errno instead of strerror(errno): the reader must look up an integer to learn what failed - a self-containment failure of the most mechanical kind
F58-A255	A	intake	src/appModule/mkfifo.cpp	106	clog	LOG_TYPE::L_INFO	LOG_FILE::TCP	INFO	-	-	-	-	-	-	-	"Closing Mkfifo pipe thread"	
F58-A256	A	intake	src/appModule/mkfifo.cpp	113	clog	LOG_TYPE::L_ERROR	LOG_FILE::TCP	ERR	Y	N	N	-	-	-	-	"Mkfifo is not implemented on windows"	platform limitation
F58-A257	A	intake	src/appModule/mkfifo.cpp	128	clog	LOG_TYPE::L_INFO	LOG_FILE::TCP	INFO	-	-	-	-	-	-	-	"Mkfifo : I get " + output	
F58-B258	B	ssystem	src/bodyModule/solarsystem.cpp	96	clog	LOG_TYPE::L_INFO	LOG_FILE::INTERNAL	INFO	-	-	-	-	-	-	-	"Adding Moon to Earth binary orbit."	
F58-B259	B	ssystem	src/bodyModule/solarsystem.cpp	99	clog	LOG_TYPE::L_WARNING	LOG_FILE::INTERNAL	ERR	Y	N	N	-	-	-	-	englishName + " body could not be added to Earth orbit."	'<body> body could not be added to Earth orbit.' - no reason, no consequence, no action
F58-B260	B	ssystem	src/bodyModule/solarsystem.cpp	102	clog	LOG_TYPE::L_WARNING	LOG_FILE::INTERNAL	ERR	Y	Y	N	-	-	-	-	englishName + " body could not be added to Earth orbit calculation, position may be inacurate"	'...position may be inacurate' [sic] - one of the few loader records that states a consequence
F58-B261	B	ssystem	src/bodyModule/ssystem_factory.cpp	69	clog	LOG_TYPE::L_ERROR	LOG_FILE::INTERNAL	ERR	P	Y	N	-	-	-	-	"SolarSystem: no default objMgr loaded, system aborded"	'no default objMgr loaded, system aborded' [sic]
F58-B262	B	ssystem	src/bodyModule/ssystem_factory.cpp	276	clog	LOG_TYPE::L_WARNING	LOG_FILE::INTERNAL	ERR	Y	N	N	-	-	-	-	"Warning: No name found for planet '" + planetName + "' in " + planetfile	'Warning: No name found for planet <x> in <file>' - the 'Warning:' prefix duplicates the level tag the log already writes
F58-B263	B	ssystem	src/bodyModule/ssystem_factory.cpp	371	clog	LOG_TYPE::L_INFO	LOG_FILE::INTERNAL	ACT	-	-	-	Y	Y	Y	Y	"Composed system file " + composedPath + " wins over " + (filename.empty() ? "the built-in " + name + " system content" : "the legacy file " + filename) + " (shadowed, NOT read). To fall back, rename or remove " + composedPath + "."	GOLD: which file won, over what, that the loser was NOT read, and how to fall back
F58-B264	B	ssystem	src/bodyModule/ssystem_factory.cpp	422	clog	LOG_TYPE::L_WARNING	LOG_FILE::INTERNAL	ERR	Y	Y	N	-	-	-	-	"Can't create the modularSystem directory (" + ec.message() + ") - composed twin of " + legacyFile + " not generated."	names the errc message and what was not generated; no action
F58-B265	B	ssystem	src/bodyModule/ssystem_factory.cpp	520	clog	LOG_TYPE::L_INFO	LOG_FILE::INTERNAL	ACT	-	-	-	Y	Y	Y	Y	std::string("config.ini [viewing] ") + configKey + " = " + configured + " is IGNORED for '" + bodyName + "': that body is declared by " + source + ", and a modular system file owns the display scaling of the bodies it " "declares (config.ini owns it for the legacy format only). '" + bodyName + "' is drawn at display_scale = " + authored + ". To change it, set display_scale in " "its section of " + source + "; to give the value back to config.ini, remove or rename " "that file so the legacy system file is read again."	GOLD: the config key that was ignored, why, the value actually in force, and BOTH ways to take control back
F58-B266	B	ssystem	src/bodyModule/ssystem_factory.cpp	551	clog	LOG_TYPE::L_WARNING	LOG_FILE::INTERNAL	BOTH	Y	Y	N	Y	Y	N	-	"B5 §6.9 pilot: flag_experimental_oort is set, but there is no " "\"Solar\" modular system node to attach the cloud to - the experimental oort " "was NOT instantiated (the old oort cloud is unaffected)."	states cause, content and consequence (the old cloud is unaffected); no action - the reader is not told how to get a Solar node
F58-B267	B	ssystem	src/bodyModule/ssystem_factory.cpp	598	clog	LOG_TYPE::L_INFO	LOG_FILE::INTERNAL	INFO	-	-	-	-	-	-	-	"B5 §6.9 pilot: experimental oort modular body instantiated at the " "SolarSystem floor (" + std::to_string(nbr) + " points)."	
F58-B268	B	ssystem	src/bodyModule/ssystem_factory.cpp	645	clog	LOG_TYPE::L_WARNING	LOG_FILE::INTERNAL	ERR	Y	Y	Y	-	-	-	Y	"Ignoring line without '=' in " + dir + name + ": '" + key + "' - a key/value line needs 'key = value'; write '#' first " "to make it a comment."	GOLD: the offending line, that it is ignored, the required form, and the comment escape
F58-B269	B	ssystem	src/bodyModule/ssystem_factory.cpp	696	std::cout	(console)	(console)	TRACE	-	-	-	-	-	-	-	"Params :\n"	parameter dump on stdout
F58-B270	B	ssystem	src/bodyModule/ssystem_factory.cpp	698	std::cout	(console)	(console)	TRACE	-	-	-	-	-	-	-	p.first << " : " << p.second << '\n'	parameter dump on stdout
F58-B271	B	ssystem	src/bodyModule/ssystem_factory.cpp	708	clog	LOG_TYPE::L_WARNING	LOG_FILE::INTERNAL	ERR	Y	Y	Y	-	-	-	Y	"galactic.ini: skipping " + label + " - " + why + ". A star system needs name, x, y and z (galactic coordinates in " "light years); the section is ignored and the rest of the file is " "loaded normally."	GOLD: which section, why, that the rest of the file still loads, and the required keys WITH their units
F58-B272	B	ssystem	src/bodyModule/ssystem_factory.cpp	953	clog	LOG_TYPE::L_ERROR	LOG_FILE::INTERNAL	ERR	Y	P	Y	-	-	-	Y	"Cannot reload the system '" + system->getEnglishName() + "': it was not loaded from a data file (it is a container level of the " "hierarchy, not a system description). Move the observer into a system " "loaded from a file (e.g. 'set home_planet Earth') and reload from there."	GOLD (INTERNAL channel)
F58-B273	B	ssystem	src/bodyModule/ssystem_factory.cpp	967	clog	LOG_TYPE::L_ERROR	LOG_FILE::INTERNAL	BOTH	Y	Y	Y	Y	Y	Y	Y	"System reload: the observer's reference body '" + referenceName + "' is not defined by the reloaded data - the observer now references '" + camera->getReferenceBody()->getEnglishName() + "'. Restore that body in the data file, or move the observer with " "'set home_planet <body>'."	the audit's single best record: it wears both faces at once - the error (a body named in the observer state is absent from the reloaded data), the decision taken instead (which body is referenced now), and two explicit ways to override
F58-B274	B	ssystem	src/bodyModule/ssystem_factory.cpp	984	clog	LOG_TYPE::L_INFO	LOG_FILE::INTERNAL	INFO	-	-	-	-	-	-	-	"System '" + system->getEnglishName() + "' reloaded (observer state kept)"	
F58-B275	B	ssystem	src/bodyModule/ssystem_factory.cpp	997	clog	LOG_TYPE::L_ERROR	LOG_FILE::INTERNAL	ERR	Y	Y	Y	-	-	-	Y	"Command 'body action save': '" + filename + "' is a path, and this " "command takes a file NAME - a system file is written next to the others, in " + composedPathOf("<system>") + ". Nothing was written. (The legacy system files of " "this install are never written to, by design.) To fix: pass a plain name, e.g. " "'body action save filename " + node + "'."	GOLD: names the value, why it is refused, that NOTHING was written, and a worked example of the accepted form
F58-B276	B	ssystem	src/bodyModule/ssystem_factory.cpp	1005	clog	LOG_TYPE::L_ERROR	LOG_FILE::INTERNAL	ERR	Y	Y	Y	-	-	-	Y	"Command 'body action save': '" + filename + "' is the name of a " "MACHINE-OWNED file - spacecrafter regenerates it at every legacy load of this " "system, so a save there would be silently overwritten. Nothing was written. " "To fix: drop the '.disabled' (the name without it is the one that gets read), " "or pick another name."	GOLD: names the value, why it is refused, that NOTHING was written, and a worked example of the accepted form
F58-B277	B	ssystem	src/bodyModule/ssystem_factory.cpp	1021	clog	LOG_TYPE::L_ERROR	LOG_FILE::INTERNAL	ERR	Y	Y	N	-	-	-	-	"Command 'body action save': can't create the modularSystem directory (" + ec.message() + ") - system '" + node + "' NOT saved."	names the errc message and that the system was NOT saved; no action
F58-B278	B	ssystem	src/bodyModule/ssystem_factory.cpp	1084	clog	LOG_TYPE::L_WARNING	LOG_FILE::INTERNAL	ERR	N	N	N	-	-	-	-	"New path has no body '" + name + "' to re-reference the camera on"	THE BANKED INSTANCE, §11.170(f): 'New path has no body '' to re-reference the camera on'. The user asked for a home planet and is told about a camera; the empty name is printed as two quotes; the 1 AU displacement and the fictitious anchor registered under the empty name are stated nowhere. Fails all three error elements
F58-B279	B	ssystem	src/bodyModule/protosystem.cpp	151	clog	LOG_TYPE::L_ERROR	LOG_FILE::INTERNAL	ERR	Y	N	N	-	-	-	-	"Unable to open file "+ planetfile	'Unable to open file <planetfile>' - no reason, no action, and see :153
F58-B280	B	ssystem	src/bodyModule/protosystem.cpp	153	clog	LOG_TYPE::L_INFO	LOG_FILE::INTERNAL	INFO	-	-	-	-	-	-	-	"(solar system loaded)"	'(solar system loaded)' is emitted UNCONDITIONALLY, including on the branch where :151 has just reported the file could not be opened [ :150-153 ]: the log says the load failed and then says it loaded
F58-B281	B	ssystem	src/bodyModule/protosystem.cpp	170	clog	LOG_TYPE::L_INFO	LOG_FILE::INTERNAL	ERR	Y	N	N	-	-	-	-	"SolarSystem::removeBody : Could not find a body named : " + name	a failed removal reported at L_INFO - an error carrying the severity of progress, in the channel a script author reads for faults
F58-B282	B	ssystem	src/bodyModule/protosystem.cpp	184	clog	LOG_TYPE::L_INFO	LOG_FILE::INTERNAL	ERR	Y	N	N	-	-	-	-	"SolarSystem::removeBody : Could not remove satelite : " + satName	a failed removal reported at L_INFO - an error carrying the severity of progress, in the channel a script author reads for faults
F58-B283	B	ssystem	src/bodyModule/protosystem.cpp	209	clog	LOG_TYPE::L_INFO	LOG_FILE::INTERNAL	ERR	Y	N	N	-	-	-	-	"SolarSystem::removeSupplementalBodies : Could not find a body named : " + name	a failed removal reported at L_INFO - an error carrying the severity of progress, in the channel a script author reads for faults
F58-B284	B	ssystem	src/bodyModule/protosystem.cpp	214	clog	LOG_TYPE::L_INFO	LOG_FILE::INTERNAL	ERR	Y	N	N	-	-	-	-	"SolarSystem::removeSupplementalBodies : Can't destroy suplementary bodies if attached to one"	a failed removal reported at L_INFO - an error carrying the severity of progress, in the channel a script author reads for faults
F58-B285	B	ssystem	src/bodyModule/protosystem.cpp	473	clog	LOG_TYPE::L_ERROR	LOG_FILE::INTERNAL	ERR	P	N	N	-	-	-	-	"Unknown planet_name in bodyTraceBodyChange"	'Unknown planet_name in bodyTraceBodyChange' - the offending name is in hand and is not printed
F58-B286	B	ssystem	src/bodyModule/protosystem.cpp	517	clog	LOG_TYPE::L_INFO	LOG_FILE::INTERNAL	INFO	-	-	-	-	-	-	-	"Loading new Stellar System object... " + englishName	
F58-B287	B	ssystem	src/bodyModule/protosystem.cpp	523	clog	LOG_TYPE::L_WARNING	LOG_FILE::INTERNAL	ERR	Y	Y	N	-	-	-	-	"SolarSystem: can not add body with no name"	'can not add body with no name'
F58-B288	B	ssystem	src/bodyModule/protosystem.cpp	530	clog	LOG_TYPE::L_WARNING	LOG_FILE::INTERNAL	ACT	-	-	-	Y	Y	Y	P	"No parent specified for " + englishName + ", assume parent is the center body (Specify 'none' for no parent)"	'No parent specified for <b>, assume parent is the center body (Specify 'none' for no parent)' - all three elements present; the override is partial because it teaches the 'none' spelling only, not how to name a real parent
F58-B289	B	ssystem	src/bodyModule/protosystem.cpp	534	clog	LOG_TYPE::L_WARNING	LOG_FILE::INTERNAL	ERR	Y	N	N	-	-	-	-	"SolarSystem: can't find parent for " + englishName	'can't find parent for <b>' - what happens to the body is not stated
F58-B290	B	ssystem	src/bodyModule/protosystem.cpp	542	clog	LOG_TYPE::L_WARNING	LOG_FILE::INTERNAL	ACT	-	-	-	Y	Y	N	N	"No valid body type specified for " + englishName + ", assume 'Asteroid'"	'No valid body type specified for <b>, assume 'Asteroid'' - the textbook §11.169 gap: cause and content present, override absent, and the valid body types are a small closed enum that is never printed
F58-B291	B	ssystem	src/bodyModule/protosystem.cpp	547	clog	LOG_TYPE::L_WARNING	LOG_FILE::INTERNAL	ERR	Y	Y	N	-	-	-	-	"SolarSystem: Can not add body named " + englishName + " because a body of that name already exist"	name collision: says what it could not do, not what the reader does
F58-B292	B	ssystem	src/bodyModule/protosystem.cpp	565	clog	LOG_TYPE::L_INFO	LOG_FILE::INTERNAL	INFO	-	-	-	-	-	-	-	"Creating Earth orbit..."	
F58-B293	B	ssystem	src/bodyModule/protosystem.cpp	569	clog	LOG_TYPE::L_ERROR	LOG_FILE::INTERNAL	ERR	Y	N	N	-	-	-	-	error	'ERROR : can't find position function <f> for <b>' - the 'ERROR : ' prefix duplicates the level tag and the trailing \n double-spaces the log; the body is silently skipped (return at :571/:584) and the record does not say so
F58-B294	B	ssystem	src/bodyModule/protosystem.cpp	582	clog	LOG_TYPE::L_ERROR	LOG_FILE::INTERNAL	ERR	Y	N	N	-	-	-	-	error	'ERROR : can't find position function <f> for <b>' - the 'ERROR : ' prefix duplicates the level tag and the trailing \n double-spaces the log; the body is silently skipped (return at :571/:584) and the record does not say so
F58-B295	B	ssystem	src/bodyModule/protosystem.cpp	615	std::cout	(console)	(console)	TRACE	-	-	-	-	-	-	-	"something went wrong when creating orbit from "<< englishName << std::endl	stdout duplicate of :616
F58-B296	B	ssystem	src/bodyModule/protosystem.cpp	616	clog	LOG_TYPE::L_ERROR	LOG_FILE::INTERNAL	ERR	Y	N	N	-	-	-	-	"Error when creating orbit from " + englishName	'Error when creating orbit from <b>' - duplicated to stdout at :615
F58-B297	B	ssystem	src/bodyModule/protosystem.cpp	637	clog	LOG_TYPE::L_ERROR	LOG_FILE::INTERNAL	ERR	Y	Y	Y	-	-	-	Y	"Body '" + englishName + "': could not build an orbit from coord_func = '" + funcname + "'. This body is NOT added to the old render path. Valid values here are " "ell_orbit, comet_orbit, barycenter, still_orbit, location_orbit, earth_custom, " "lunar_custom, and the *_special ephemeris functions. To fix: use one of those and " "give it the keys it needs - or, for 'surface_point', nothing: that family belongs to " "the experimental path, which reads this same declaration and will create the body " "there."	GOLD, and the audit's reference specimen for a loader error: the offending key AND its value, that the body is NOT added, the full enumeration of valid values, and two alternative actions
F58-B298	B	ssystem	src/bodyModule/protosystem.cpp	894	clog	LOG_TYPE::L_ERROR	LOG_FILE::INTERNAL	ERR	N	N	N	-	-	-	-	"Undefined body"	'Undefined body' - names nothing
F58-B299	B	ssystem	src/bodyModule/protosystem.cpp	897	clog	LOG_TYPE::L_ERROR	LOG_FILE::INTERNAL	ERR	N	N	N	-	-	-	-	"Failed to create body"	'Failed to create body' - names neither the body nor the reason
F58-B300	B	config	src/mainModule/checkConfig.cpp	486	clog	LOG_TYPE::L_INFO	LOG_FILE::INTERNAL	INFO	-	-	-	-	-	-	-	"config.ini is up to date"	
F58-B301	B	config	src/mainModule/checkConfig.cpp	568	clog	LOG_TYPE::L_WARNING	LOG_FILE::INTERNAL	ACT	-	-	-	N	Y	N	N	"key " + *itKey + " has been removed from config.ini"	'key <k> has been removed from config.ini' - this record reports a MUTATION OF THE USER'S OWN FILE. The content is stated; WHY the key was removed is not, and how to keep it is not. An acting default that edits the file the user edits
F58-B302	B	config	src/mainModule/checkConfig.cpp	571	clog	LOG_TYPE::L_WARNING	LOG_FILE::INTERNAL	ACT	-	-	-	N	Y	N	N	"section [" + test + "] has been removed from config.ini"	same, at section granularity
F58-B303	B	config	src/mainModule/checkConfig.cpp	606	clog	LOG_TYPE::L_WARNING	LOG_FILE::INTERNAL	ACT	-	-	-	N	Y	N	N	"key " + *itKey + " has been removed from config.ini"	'key <k> has been removed from config.ini' - this record reports a MUTATION OF THE USER'S OWN FILE. The content is stated; WHY the key was removed is not, and how to keep it is not. An acting default that edits the file the user edits
F58-B304	B	config	src/tools/init_parser.cpp	62	clog	LOG_TYPE::L_ERROR	LOG_FILE::INTERNAL	ERR	Y	N	N	-	-	-	-	"Init_parser : can't find config file "+ file	'can't find/read/open config file <f>' - no consequence (what runs instead?) and no action
F58-B305	B	config	src/tools/init_parser.cpp	70	clog	LOG_TYPE::L_ERROR	LOG_FILE::INTERNAL	ERR	Y	N	N	-	-	-	-	"Init_parser : can't read config file "+ file	'can't find/read/open config file <f>' - no consequence (what runs instead?) and no action
F58-B306	B	config	src/tools/init_parser.cpp	83	clog	LOG_TYPE::L_ERROR	LOG_FILE::INTERNAL	ERR	Y	N	N	-	-	-	-	"Init_parser : can't open config file "+ file_name	'can't find/read/open config file <f>' - no consequence (what runs instead?) and no action
F58-B307	B	config	src/tools/init_parser.cpp	91	printf	(console)	(console)	TRACE	-	-	-	-	-	-	-	"string key %s\n", key.c_str()	printf gated on the DEBUG macro
F58-B308	B	config	src/tools/init_parser.cpp	95	clog	LOG_TYPE::L_WARNING	LOG_FILE::INTERNAL	ACT	-	-	-	Y	Y	N	N	"Init_parser can't find the configuration key \"" + key + "\", default empty string returned"	'can't find the configuration key "<k>", default <empty string|0> returned' - cause and content present, override absent: the file to edit is not named, the section is not separated from the key, and the value's shape is not stated. This is the single most-reached acting-default record in the tree
F58-B309	B	config	src/tools/init_parser.cpp	106	clog	LOG_TYPE::L_WARNING	LOG_FILE::INTERNAL	NOISE	-	-	-	N	N	N	-	"Init_parser def_str " + section + ":" + key	'Init_parser def_str <section>:<key>' is written at L_WARNING UNCONDITIONALLY on entry to the 3-argument getters [ :104-108 etc. ], BEFORE and REGARDLESS of whether the key is found: a warning that reports no fault, states no decision and fires on the success path. It also pays §5.115's cost per call
F58-B310	B	config	src/tools/init_parser.cpp	113	printf	(console)	(console)	TRACE	-	-	-	-	-	-	-	"int key %s\n", key.c_str()	printf gated on the DEBUG macro
F58-B311	B	config	src/tools/init_parser.cpp	120	clog	LOG_TYPE::L_WARNING	LOG_FILE::INTERNAL	ACT	-	-	-	Y	Y	N	N	"Init_parser : can't find the configuration key \"" + key + "\", default 0 value returned"	'can't find the configuration key "<k>", default <empty string|0> returned' - cause and content present, override absent: the file to edit is not named, the section is not separated from the key, and the value's shape is not stated. This is the single most-reached acting-default record in the tree
F58-B312	B	config	src/tools/init_parser.cpp	133	clog	LOG_TYPE::L_WARNING	LOG_FILE::INTERNAL	NOISE	-	-	-	N	N	N	-	"Init_parser def_int " + section + ":" + key	'Init_parser def_str <section>:<key>' is written at L_WARNING UNCONDITIONALLY on entry to the 3-argument getters [ :104-108 etc. ], BEFORE and REGARDLESS of whether the key is found: a warning that reports no fault, states no decision and fires on the success path. It also pays §5.115's cost per call
F58-B313	B	config	src/tools/init_parser.cpp	140	printf	(console)	(console)	TRACE	-	-	-	-	-	-	-	"double key %s\n", key.c_str()	printf gated on the DEBUG macro
F58-B314	B	config	src/tools/init_parser.cpp	147	clog	LOG_TYPE::L_WARNING	LOG_FILE::INTERNAL	ACT	-	-	-	Y	Y	N	N	"Init_parser : can't find the configuration key \"" + key + "\", default 0 value returned"	'can't find the configuration key "<k>", default <empty string|0> returned' - cause and content present, override absent: the file to edit is not named, the section is not separated from the key, and the value's shape is not stated. This is the single most-reached acting-default record in the tree
F58-B315	B	config	src/tools/init_parser.cpp	160	clog	LOG_TYPE::L_WARNING	LOG_FILE::INTERNAL	NOISE	-	-	-	N	N	N	-	"Init_parser def_double " + section + ":" + key	'Init_parser def_str <section>:<key>' is written at L_WARNING UNCONDITIONALLY on entry to the 3-argument getters [ :104-108 etc. ], BEFORE and REGARDLESS of whether the key is found: a warning that reports no fault, states no decision and fires on the success path. It also pays §5.115's cost per call
F58-B316	B	config	src/tools/init_parser.cpp	167	printf	(console)	(console)	TRACE	-	-	-	-	-	-	-	"boolean key %s\n", key.c_str()	printf gated on the DEBUG macro
F58-B317	B	config	src/tools/init_parser.cpp	174	clog	LOG_TYPE::L_WARNING	LOG_FILE::INTERNAL	ACT	-	-	-	Y	Y	N	N	"Init_parser : can't find the configuration key \"" + key + "\", default 0 value returned"	'can't find the configuration key "<k>", default <empty string|0> returned' - cause and content present, override absent: the file to edit is not named, the section is not separated from the key, and the value's shape is not stated. This is the single most-reached acting-default record in the tree
F58-B318	B	config	src/tools/init_parser.cpp	187	clog	LOG_TYPE::L_WARNING	LOG_FILE::INTERNAL	NOISE	-	-	-	N	N	N	-	"Init_parser def_bool " + section + ":" + key	'Init_parser def_str <section>:<key>' is written at L_WARNING UNCONDITIONALLY on entry to the 3-argument getters [ :104-108 etc. ], BEFORE and REGARDLESS of whether the key is found: a warning that reports no fault, states no decision and fires on the success path. It also pays §5.115's cost per call
F58-B319	B	config	src/tools/app_settings.cpp	121	clog	LOG_TYPE::L_INFO	LOG_FILE::INTERNAL	INFO	-	-	-	-	-	-	-	"Loaded experimental settings from " + file	
F58-B320	B	config	src/tools/app_settings.cpp	252	std::cout	(console)	(console)	TRACE	-	-	-	-	-	-	-	"------------------------------------------------------" << std::endl	AppSettings::display() path dump on stdout
F58-B321	B	config	src/tools/app_settings.cpp	253	std::cout	(console)	(console)	TRACE	-	-	-	-	-	-	-	"getConfigFile " << getConfigFile() << std::endl	AppSettings::display() path dump on stdout
F58-B322	B	config	src/tools/app_settings.cpp	254	std::cout	(console)	(console)	TRACE	-	-	-	-	-	-	-	"getConfigDir " << getConfigDir() << std::endl	AppSettings::display() path dump on stdout
F58-B323	B	config	src/tools/app_settings.cpp	255	std::cout	(console)	(console)	TRACE	-	-	-	-	-	-	-	"getDataRoot " << getDataRoot() << std::endl	AppSettings::display() path dump on stdout
F58-B324	B	config	src/tools/app_settings.cpp	256	std::cout	(console)	(console)	TRACE	-	-	-	-	-	-	-	"getDataDir " << getDataDir() << std::endl	AppSettings::display() path dump on stdout
F58-B325	B	config	src/tools/app_settings.cpp	257	std::cout	(console)	(console)	TRACE	-	-	-	-	-	-	-	"getLocaleDir " << getLocaleDir() << std::endl	AppSettings::display() path dump on stdout
F58-B326	B	config	src/tools/app_settings.cpp	258	std::cout	(console)	(console)	TRACE	-	-	-	-	-	-	-	"getUserFontDir " << getUserFontDir() << std::endl	AppSettings::display() path dump on stdout
F58-B327	B	config	src/tools/app_settings.cpp	259	std::cout	(console)	(console)	TRACE	-	-	-	-	-	-	-	"getScriptDir " << getScriptDir() << std::endl	AppSettings::display() path dump on stdout
F58-B328	B	config	src/tools/app_settings.cpp	260	std::cout	(console)	(console)	TRACE	-	-	-	-	-	-	-	"getLogDir " << getLogDir() << std::endl	AppSettings::display() path dump on stdout
F58-B329	B	config	src/tools/app_settings.cpp	261	std::cout	(console)	(console)	TRACE	-	-	-	-	-	-	-	"getWebDir " << getWebDir() << std::endl	AppSettings::display() path dump on stdout
F58-B330	B	config	src/tools/app_settings.cpp	262	std::cout	(console)	(console)	TRACE	-	-	-	-	-	-	-	"getLandscapeDir " << getLandscapeDir() << std::endl	AppSettings::display() path dump on stdout
F58-B331	B	config	src/tools/app_settings.cpp	263	std::cout	(console)	(console)	TRACE	-	-	-	-	-	-	-	"getSkyCultureDir " << getSkyCultureDir() << std::endl	AppSettings::display() path dump on stdout
F58-B332	B	config	src/tools/app_settings.cpp	264	std::cout	(console)	(console)	TRACE	-	-	-	-	-	-	-	"getAudioDir " << getAudioDir() << std::endl	AppSettings::display() path dump on stdout
F58-B333	B	config	src/tools/app_settings.cpp	265	std::cout	(console)	(console)	TRACE	-	-	-	-	-	-	-	"getVideoDir " << getVideoDir() << std::endl	AppSettings::display() path dump on stdout
F58-B334	B	config	src/tools/app_settings.cpp	266	std::cout	(console)	(console)	TRACE	-	-	-	-	-	-	-	"getMediaDir " << getMediaDir() << std::endl	AppSettings::display() path dump on stdout
F58-B335	B	config	src/tools/app_settings.cpp	267	std::cout	(console)	(console)	TRACE	-	-	-	-	-	-	-	"getFtpDir " << getFtpDir() << std::endl	AppSettings::display() path dump on stdout
F58-B336	B	config	src/tools/app_settings.cpp	268	std::cout	(console)	(console)	TRACE	-	-	-	-	-	-	-	"getShaderDir " << getShaderDir() << std::endl	AppSettings::display() path dump on stdout
F58-B337	B	config	src/tools/app_settings.cpp	269	std::cout	(console)	(console)	TRACE	-	-	-	-	-	-	-	"getModel3DDir " << getModel3DDir() << std::endl	AppSettings::display() path dump on stdout
F58-B338	B	config	src/tools/app_settings.cpp	270	std::cout	(console)	(console)	TRACE	-	-	-	-	-	-	-	"getVR360Dir " << getVR360Dir() << std::endl	AppSettings::display() path dump on stdout
F58-B339	B	config	src/tools/app_settings.cpp	271	std::cout	(console)	(console)	TRACE	-	-	-	-	-	-	-	"getPictureDir " << getPictureDir() << std::endl	AppSettings::display() path dump on stdout
F58-B340	B	config	src/tools/app_settings.cpp	272	std::cout	(console)	(console)	TRACE	-	-	-	-	-	-	-	"getTextureDir " << getTextureDir() << std::endl	AppSettings::display() path dump on stdout
F58-B341	B	config	src/tools/app_settings.cpp	273	std::cout	(console)	(console)	TRACE	-	-	-	-	-	-	-	"getLanguageDir " << getLanguageDir() << std::endl	AppSettings::display() path dump on stdout
F58-B342	B	config	src/tools/app_settings.cpp	274	std::cout	(console)	(console)	TRACE	-	-	-	-	-	-	-	"getScreenshotDirectory " << getScreenshotDirectory() << std::endl	AppSettings::display() path dump on stdout
F58-B343	B	config	src/tools/app_settings.cpp	275	std::cout	(console)	(console)	TRACE	-	-	-	-	-	-	-	"getVframeDirectory " << getVframeDirectory() << std::endl	AppSettings::display() path dump on stdout
F58-B344	B	config	src/tools/app_settings.cpp	276	std::cout	(console)	(console)	TRACE	-	-	-	-	-	-	-	"------------------------------------------------------" << std::endl	AppSettings::display() path dump on stdout
F58-B345	B	star	src/starModule/hip_star_mgr.cpp	79	clog	LOG_TYPE::L_ERROR	LOG_FILE::INTERNAL	ERR	Y	N	N	-	-	-	-	oss.str()	'convertToSpectralType/ComponentIds: bad index: <i>, max: <n>' - an internal bound report in the user's error channel
F58-B346	B	star	src/starModule/hip_star_mgr.cpp	90	clog	LOG_TYPE::L_ERROR	LOG_FILE::INTERNAL	ERR	Y	N	N	-	-	-	-	oss.str()	'convertToSpectralType/ComponentIds: bad index: <i>, max: <n>' - an internal bound report in the user's error channel
F58-B347	B	star	src/starModule/hip_star_mgr.cpp	125	clog	LOG_TYPE::L_WARNING	LOG_FILE::INTERNAL	ACT	-	-	-	P	P	N	N	"Star color not define"	'Star color not define' [sic] - fires inside a 128-iteration loop over stars.ini's color_NNN keys [ :112-127 ] and names NEITHER the index NOR the file; the fallback (v3fNull, i.e. black) is not stated. A missing stars.ini produces 128 of these, each composed with init_parser.cpp:95's own warning for the same key: 256 unactionable lines from one missing file
F58-B348	B	star	src/starModule/hip_star_mgr.cpp	134	clog	LOG_TYPE::L_ERROR	LOG_FILE::INTERNAL	ERR	N	N	N	-	-	-	-	"ColorTable index Error"	'ColorTable index Error' - neither the index nor the bound
F58-B349	B	star	src/starModule/hip_star_mgr.cpp	188	std::cerr	(console)	(console)	ERR	Y	N	N	-	-	-	-	"ERROR: HipStarMgr::HipStarMgr: no memory" << std::endl	allocation failure, console only
F58-B350	B	star	src/starModule/hip_star_mgr.cpp	448	clog	LOG_TYPE::L_INFO	LOG_FILE::INTERNAL	INFO	-	-	-	-	-	-	-	"Loading star data..."	
F58-B351	B	star	src/starModule/hip_star_mgr.cpp	458	clog	LOG_TYPE::L_INFO	LOG_FILE::INTERNAL	INFO	-	-	-	-	-	-	-	_("Loading catalog ") + std::string(cat_file_name)	
F58-B352	B	star	src/starModule/hip_star_mgr.cpp	466	std::cerr	(console)	(console)	ERR	Y	N	N	-	-	-	-	cat_file_name << ", " << z->level << ": duplicate level" << std::endl	duplicate catalogue level; console only
F58-B353	B	star	src/starModule/hip_star_mgr.cpp	487	std::cerr	(console)	(console)	ERR	Y	N	N	-	-	-	-	"ERROR: stars:cat_hip_sp_file_name not found" << std::endl	a REQUIRED CONFIG KEY is missing and the record goes to std::cerr only - it never reaches any log file
F58-B354	B	star	src/starModule/hip_star_mgr.cpp	492	std::cerr	(console)	(console)	ERR	Y	N	N	-	-	-	-	"ERROR while loading data from " << ("stars/" + cat_hip_sp_file_name) << ": " << e.what()	exception text forwarded to the console only
F58-B355	B	star	src/starModule/hip_star_mgr.cpp	498	std::cerr	(console)	(console)	ERR	Y	N	N	-	-	-	-	"ERROR: stars:cat_hip_cids_file_name not found" << std::endl	a REQUIRED CONFIG KEY is missing and the record goes to std::cerr only - it never reaches any log file
F58-B356	B	star	src/starModule/hip_star_mgr.cpp	503	std::cerr	(console)	(console)	ERR	Y	N	N	-	-	-	-	"ERROR while loading data from " << ("stars/" + cat_hip_cids_file_name) << ": " << e.what() << std::endl	exception text forwarded to the console only
F58-B357	B	star	src/starModule/hip_star_mgr.cpp	510	clog	LOG_TYPE::L_INFO	LOG_FILE::INTERNAL	INFO	-	-	-	-	-	-	-	oss.str()	
F58-B358	B	star	src/starModule/hip_star_mgr.cpp	522	clog	LOG_TYPE::L_INFO	LOG_FILE::INTERNAL	INFO	-	-	-	-	-	-	-	"Loading star names from " + commonNameFile	
F58-B359	B	star	src/starModule/hip_star_mgr.cpp	526	std::cerr	(console)	(console)	BOTH	Y	N	N	Y	N	N	-	"Warning " << commonNameFile << " not found." << std::endl	'Warning <file> not found.' on std::cerr: star names/sci-names are silently not loaded and the record never says so
F58-B360	B	star	src/starModule/hip_star_mgr.cpp	536	std::cerr	(console)	(console)	BOTH	Y	N	N	Y	N	N	-	"ERROR: StarMgr::loadCommonNames(" << commonNameFile << "): bad line: \"" << line << '"' << std::endl	'bad line: "<line>"' on std::cerr: the line is quoted (good) but what is wrong with it, that it was skipped, and the expected format are all absent - and no log file receives it
F58-B361	B	star	src/starModule/hip_star_mgr.cpp	571	clog	LOG_TYPE::L_INFO	LOG_FILE::INTERNAL	INFO	-	-	-	-	-	-	-	"Loading star sci names from " + sciNameFile	
F58-B362	B	star	src/starModule/hip_star_mgr.cpp	576	std::cerr	(console)	(console)	BOTH	Y	N	N	Y	N	N	-	"Warning " << sciNameFile << " not found." << std::endl	'Warning <file> not found.' on std::cerr: star names/sci-names are silently not loaded and the record never says so
F58-B363	B	star	src/starModule/hip_star_mgr.cpp	586	std::cerr	(console)	(console)	BOTH	Y	N	N	Y	N	N	-	"ERROR: StarMgr::loadSciNames(" << sciNameFile << "): bad line: \"" << line << '"' << std::endl	'bad line: "<line>"' on std::cerr: the line is quoted (good) but what is wrong with it, that it was skipped, and the expected format are all absent - and no log file receives it
F58-B364	B	star	src/starModule/hip_star_mgr.cpp	1255	clog	LOG_TYPE::L_ERROR	LOG_FILE::INTERNAL	ERR	Y	P	N	-	-	-	-	"VariableStar error, limit of 127 variable stars reached"	'limit of 127 variable stars reached' - the limit is named, what happens to star 128 is not
F58-B365	B	star	src/starModule/hip_star_mgr.cpp	1354	clog	LOG_TYPE::L_ERROR	LOG_FILE::INTERNAL	ERR	Y	Y	N	-	-	-	-	"VariableStar error opening "+fileName + " - Feature disabled"	'...- Feature disabled' - a rare loader record that states its consequence
F58-B366	B	star	src/starModule/hip_star_mgr.cpp	1368	clog	LOG_TYPE::L_ERROR	LOG_FILE::INTERNAL	ERR	Y	N	N	-	-	-	-	"VariableStar error parsing "+record	'VariableStar error parsing <record>' - the record is quoted, the expected format is not
F58-B367	B	star	src/starModule/hip_star_mgr.cpp	1392	clog	LOG_TYPE::L_ERROR	LOG_FILE::INTERNAL	ERR	Y	N	N	-	-	-	-	"VariableStar error parsing "+record	'VariableStar error parsing <record>' - the record is quoted, the expected format is not
F58-B368	B	star	src/starModule/zone_array.cpp	102	std::cout	(console)	(console)	ERR	P	N	N	-	-	-	-	"ZoneArray::create(" << extended_file_name << "): warning while loading \"" << fname << "\": " << e.what()	THE STAR CATALOGUE LOADER REPORTS EVERY FAULT TO A CONSOLE AND NONE TO A LOG. 23 fault records over printf/fprintf/std::cerr ('bad file', 'no star catalogue file', 'unsupported version, ', 'no memory, ', 'bad file type, ', 'initialization failed', mmap failure) against exactly 2 cLog calls in the whole file, both L_INFO progress lines. Several are sentence FRAGMENTS meant to concatenate on one console line, so they are not even self-contained records
F58-B369	B	star	src/starModule/zone_array.cpp	107	fprintf	(console)	(console)	ERR	P	N	N	-	-	-	-	stderr,"ZoneArray::create(%s): fopen failed\n", extended_file_name.c_str()	THE STAR CATALOGUE LOADER REPORTS EVERY FAULT TO A CONSOLE AND NONE TO A LOG. 23 fault records over printf/fprintf/std::cerr ('bad file', 'no star catalogue file', 'unsupported version, ', 'no memory, ', 'bad file type, ', 'initialization failed', mmap failure) against exactly 2 cLog calls in the whole file, both L_INFO progress lines. Several are sentence FRAGMENTS meant to concatenate on one console line, so they are not even self-contained records
F58-B370	B	star	src/starModule/zone_array.cpp	120	printf	(console)	(console)	ERR	P	N	N	-	-	-	-	"bad file\n"	THE STAR CATALOGUE LOADER REPORTS EVERY FAULT TO A CONSOLE AND NONE TO A LOG. 23 fault records over printf/fprintf/std::cerr ('bad file', 'no star catalogue file', 'unsupported version, ', 'no memory, ', 'bad file type, ', 'initialization failed', mmap failure) against exactly 2 cLog calls in the whole file, both L_INFO progress lines. Several are sentence FRAGMENTS meant to concatenate on one console line, so they are not even self-contained records
F58-B371	B	star	src/starModule/zone_array.cpp	127	printf	(console)	(console)	ERR	P	N	N	-	-	-	-	"you must convert catalogue " #if (!defined(__GNUC__)) "to native format " #endif "before mmap loading\n"	THE STAR CATALOGUE LOADER REPORTS EVERY FAULT TO A CONSOLE AND NONE TO A LOG. 23 fault records over printf/fprintf/std::cerr ('bad file', 'no star catalogue file', 'unsupported version, ', 'no memory, ', 'bad file type, ', 'initialization failed', mmap failure) against exactly 2 cLog calls in the whole file, both L_INFO progress lines. Several are sentence FRAGMENTS meant to concatenate on one console line, so they are not even self-contained records
F58-B372	B	star	src/starModule/zone_array.cpp	134	printf	(console)	(console)	ERR	P	N	N	-	-	-	-	"byteswap "	THE STAR CATALOGUE LOADER REPORTS EVERY FAULT TO A CONSOLE AND NONE TO A LOG. 23 fault records over printf/fprintf/std::cerr ('bad file', 'no star catalogue file', 'unsupported version, ', 'no memory, ', 'bad file type, ', 'initialization failed', mmap failure) against exactly 2 cLog calls in the whole file, both L_INFO progress lines. Several are sentence FRAGMENTS meant to concatenate on one console line, so they are not even self-contained records
F58-B373	B	star	src/starModule/zone_array.cpp	147	printf	(console)	(console)	ERR	P	N	N	-	-	-	-	"you must convert catalogue to native format before mmap loading\n"	THE STAR CATALOGUE LOADER REPORTS EVERY FAULT TO A CONSOLE AND NONE TO A LOG. 23 fault records over printf/fprintf/std::cerr ('bad file', 'no star catalogue file', 'unsupported version, ', 'no memory, ', 'bad file type, ', 'initialization failed', mmap failure) against exactly 2 cLog calls in the whole file, both L_INFO progress lines. Several are sentence FRAGMENTS meant to concatenate on one console line, so they are not even self-contained records
F58-B374	B	star	src/starModule/zone_array.cpp	154	printf	(console)	(console)	ERR	P	N	N	-	-	-	-	"no star catalogue file\n"	THE STAR CATALOGUE LOADER REPORTS EVERY FAULT TO A CONSOLE AND NONE TO A LOG. 23 fault records over printf/fprintf/std::cerr ('bad file', 'no star catalogue file', 'unsupported version, ', 'no memory, ', 'bad file type, ', 'initialization failed', mmap failure) against exactly 2 cLog calls in the whole file, both L_INFO progress lines. Several are sentence FRAGMENTS meant to concatenate on one console line, so they are not even self-contained records
F58-B375	B	star	src/starModule/zone_array.cpp	161	clog	LOG_TYPE::L_INFO	LOG_FILE::INTERNAL	INFO	-	-	-	-	-	-	-	oss.str()	
F58-B376	B	star	src/starModule/zone_array.cpp	166	printf	(console)	(console)	ERR	P	N	N	-	-	-	-	"unsupported version, "	THE STAR CATALOGUE LOADER REPORTS EVERY FAULT TO A CONSOLE AND NONE TO A LOG. 23 fault records over printf/fprintf/std::cerr ('bad file', 'no star catalogue file', 'unsupported version, ', 'no memory, ', 'bad file type, ', 'initialization failed', mmap failure) against exactly 2 cLog calls in the whole file, both L_INFO progress lines. Several are sentence FRAGMENTS meant to concatenate on one console line, so they are not even self-contained records
F58-B377	B	star	src/starModule/zone_array.cpp	173	printf	(console)	(console)	ERR	P	N	N	-	-	-	-	"no memory, "	THE STAR CATALOGUE LOADER REPORTS EVERY FAULT TO A CONSOLE AND NONE TO A LOG. 23 fault records over printf/fprintf/std::cerr ('bad file', 'no star catalogue file', 'unsupported version, ', 'no memory, ', 'bad file type, ', 'initialization failed', mmap failure) against exactly 2 cLog calls in the whole file, both L_INFO progress lines. Several are sentence FRAGMENTS meant to concatenate on one console line, so they are not even self-contained records
F58-B378	B	star	src/starModule/zone_array.cpp	179	printf	(console)	(console)	ERR	P	N	N	-	-	-	-	"unsupported version, "	THE STAR CATALOGUE LOADER REPORTS EVERY FAULT TO A CONSOLE AND NONE TO A LOG. 23 fault records over printf/fprintf/std::cerr ('bad file', 'no star catalogue file', 'unsupported version, ', 'no memory, ', 'bad file type, ', 'initialization failed', mmap failure) against exactly 2 cLog calls in the whole file, both L_INFO progress lines. Several are sentence FRAGMENTS meant to concatenate on one console line, so they are not even self-contained records
F58-B379	B	star	src/starModule/zone_array.cpp	186	printf	(console)	(console)	ERR	P	N	N	-	-	-	-	"no memory, "	THE STAR CATALOGUE LOADER REPORTS EVERY FAULT TO A CONSOLE AND NONE TO A LOG. 23 fault records over printf/fprintf/std::cerr ('bad file', 'no star catalogue file', 'unsupported version, ', 'no memory, ', 'bad file type, ', 'initialization failed', mmap failure) against exactly 2 cLog calls in the whole file, both L_INFO progress lines. Several are sentence FRAGMENTS meant to concatenate on one console line, so they are not even self-contained records
F58-B380	B	star	src/starModule/zone_array.cpp	192	printf	(console)	(console)	ERR	P	N	N	-	-	-	-	"unsupported version, "	THE STAR CATALOGUE LOADER REPORTS EVERY FAULT TO A CONSOLE AND NONE TO A LOG. 23 fault records over printf/fprintf/std::cerr ('bad file', 'no star catalogue file', 'unsupported version, ', 'no memory, ', 'bad file type, ', 'initialization failed', mmap failure) against exactly 2 cLog calls in the whole file, both L_INFO progress lines. Several are sentence FRAGMENTS meant to concatenate on one console line, so they are not even self-contained records
F58-B381	B	star	src/starModule/zone_array.cpp	199	printf	(console)	(console)	ERR	P	N	N	-	-	-	-	"no memory, "	THE STAR CATALOGUE LOADER REPORTS EVERY FAULT TO A CONSOLE AND NONE TO A LOG. 23 fault records over printf/fprintf/std::cerr ('bad file', 'no star catalogue file', 'unsupported version, ', 'no memory, ', 'bad file type, ', 'initialization failed', mmap failure) against exactly 2 cLog calls in the whole file, both L_INFO progress lines. Several are sentence FRAGMENTS meant to concatenate on one console line, so they are not even self-contained records
F58-B382	B	star	src/starModule/zone_array.cpp	204	printf	(console)	(console)	ERR	P	N	N	-	-	-	-	"bad file type, "	THE STAR CATALOGUE LOADER REPORTS EVERY FAULT TO A CONSOLE AND NONE TO A LOG. 23 fault records over printf/fprintf/std::cerr ('bad file', 'no star catalogue file', 'unsupported version, ', 'no memory, ', 'bad file type, ', 'initialization failed', mmap failure) against exactly 2 cLog calls in the whole file, both L_INFO progress lines. Several are sentence FRAGMENTS meant to concatenate on one console line, so they are not even self-contained records
F58-B383	B	star	src/starModule/zone_array.cpp	210	clog	LOG_TYPE::L_INFO	LOG_FILE::INTERNAL	INFO	-	-	-	-	-	-	-	oss.str()	
F58-B384	B	star	src/starModule/zone_array.cpp	212	printf	(console)	(console)	ERR	P	N	N	-	-	-	-	"initialization failed\n"	THE STAR CATALOGUE LOADER REPORTS EVERY FAULT TO A CONSOLE AND NONE TO A LOG. 23 fault records over printf/fprintf/std::cerr ('bad file', 'no star catalogue file', 'unsupported version, ', 'no memory, ', 'bad file type, ', 'initialization failed', mmap failure) against exactly 2 cLog calls in the whole file, both L_INFO progress lines. Several are sentence FRAGMENTS meant to concatenate on one console line, so they are not even self-contained records
F58-B385	B	star	src/starModule/zone_array.cpp	249	std::cerr	(console)	(console)	ERR	P	N	N	-	-	-	-	"ERROR: ZoneArray1::updateHipIndex: invalid HP number: " << hip << std::endl	THE STAR CATALOGUE LOADER REPORTS EVERY FAULT TO A CONSOLE AND NONE TO A LOG. 23 fault records over printf/fprintf/std::cerr ('bad file', 'no star catalogue file', 'unsupported version, ', 'no memory, ', 'bad file type, ', 'initialization failed', mmap failure) against exactly 2 cLog calls in the whole file, both L_INFO progress lines. Several are sentence FRAGMENTS meant to concatenate on one console line, so they are not even self-contained records
F58-B386	B	star	src/starModule/zone_array.cpp	442	std::cerr	(console)	(console)	ERR	P	N	N	-	-	-	-	"ERROR: SpecialZoneArray(" << level << ")::SpecialZoneArray: no memory (1)" << std::endl	THE STAR CATALOGUE LOADER REPORTS EVERY FAULT TO A CONSOLE AND NONE TO A LOG. 23 fault records over printf/fprintf/std::cerr ('bad file', 'no star catalogue file', 'unsupported version, ', 'no memory, ', 'bad file type, ', 'initialization failed', mmap failure) against exactly 2 cLog calls in the whole file, both L_INFO progress lines. Several are sentence FRAGMENTS meant to concatenate on one console line, so they are not even self-contained records
F58-B387	B	star	src/starModule/zone_array.cpp	448	std::cerr	(console)	(console)	ERR	P	N	N	-	-	-	-	"ERROR: SpecialZoneArray(" << level << ")::SpecialZoneArray: no memory (2)" << std::endl	THE STAR CATALOGUE LOADER REPORTS EVERY FAULT TO A CONSOLE AND NONE TO A LOG. 23 fault records over printf/fprintf/std::cerr ('bad file', 'no star catalogue file', 'unsupported version, ', 'no memory, ', 'bad file type, ', 'initialization failed', mmap failure) against exactly 2 cLog calls in the whole file, both L_INFO progress lines. Several are sentence FRAGMENTS meant to concatenate on one console line, so they are not even self-contained records
F58-B388	B	star	src/starModule/zone_array.cpp	487	std::cerr	(console)	(console)	ERR	P	N	N	-	-	-	-	"ERROR: SpecialZoneArray(" << level << ")::SpecialZoneArray: mmap(" << fileno(f) << ',' << start_in_file << ',' << (sizeof(Star)*nr_of_stars) << ") failed: " << strerror(errno) << std::endl	THE STAR CATALOGUE LOADER REPORTS EVERY FAULT TO A CONSOLE AND NONE TO A LOG. 23 fault records over printf/fprintf/std::cerr ('bad file', 'no star catalogue file', 'unsupported version, ', 'no memory, ', 'bad file type, ', 'initialization failed', mmap failure) against exactly 2 cLog calls in the whole file, both L_INFO progress lines. Several are sentence FRAGMENTS meant to concatenate on one console line, so they are not even self-contained records
F58-B389	B	star	src/starModule/zone_array.cpp	505	std::cerr	(console)	(console)	ERR	P	N	N	-	-	-	-	"ERROR: SpecialZoneArray(" << level << ")::SpecialZoneArray: _get_osfhandle(_fileno(f)) failed" << std::endl	THE STAR CATALOGUE LOADER REPORTS EVERY FAULT TO A CONSOLE AND NONE TO A LOG. 23 fault records over printf/fprintf/std::cerr ('bad file', 'no star catalogue file', 'unsupported version, ', 'no memory, ', 'bad file type, ', 'initialization failed', mmap failure) against exactly 2 cLog calls in the whole file, both L_INFO progress lines. Several are sentence FRAGMENTS meant to concatenate on one console line, so they are not even self-contained records
F58-B390	B	star	src/starModule/zone_array.cpp	510	std::cerr	(console)	(console)	ERR	P	N	N	-	-	-	-	"ERROR: SpecialZoneArray(" << level << ")::SpecialZoneArray: CreateFileMapping failed: " << GetLastError() << std::endl	THE STAR CATALOGUE LOADER REPORTS EVERY FAULT TO A CONSOLE AND NONE TO A LOG. 23 fault records over printf/fprintf/std::cerr ('bad file', 'no star catalogue file', 'unsupported version, ', 'no memory, ', 'bad file type, ', 'initialization failed', mmap failure) against exactly 2 cLog calls in the whole file, both L_INFO progress lines. Several are sentence FRAGMENTS meant to concatenate on one console line, so they are not even self-contained records
F58-B391	B	star	src/starModule/zone_array.cpp	518	std::cerr	(console)	(console)	ERR	P	N	N	-	-	-	-	"ERROR: SpecialZoneArray(" << level << ")::SpecialZoneArray: " "MapViewOfFile failed: " << GetLastError() << ", page_size: " << page_size << std::endl	THE STAR CATALOGUE LOADER REPORTS EVERY FAULT TO A CONSOLE AND NONE TO A LOG. 23 fault records over printf/fprintf/std::cerr ('bad file', 'no star catalogue file', 'unsupported version, ', 'no memory, ', 'bad file type, ', 'initialization failed', mmap failure) against exactly 2 cLog calls in the whole file, both L_INFO progress lines. Several are sentence FRAGMENTS meant to concatenate on one console line, so they are not even self-contained records
F58-B392	B	star	src/starModule/zone_array.cpp	541	std::cerr	(console)	(console)	ERR	P	N	N	-	-	-	-	"ERROR: SpecialZoneArray(" << level << ")::SpecialZoneArray: no memory (3)" << std::endl	THE STAR CATALOGUE LOADER REPORTS EVERY FAULT TO A CONSOLE AND NONE TO A LOG. 23 fault records over printf/fprintf/std::cerr ('bad file', 'no star catalogue file', 'unsupported version, ', 'no memory, ', 'bad file type, ', 'initialization failed', mmap failure) against exactly 2 cLog calls in the whole file, both L_INFO progress lines. Several are sentence FRAGMENTS meant to concatenate on one console line, so they are not even self-contained records
F58-B393	B	nebula	src/coreModule/nebula_mgr.cpp	49	clog	LOG_TYPE::L_ERROR	LOG_FILE::INTERNAL	ERR	P	N	N	-	-	-	-	"DSO: error while loading pictogram texture"	'DSO: error while loading pictogram texture' - no file, no reason
F58-B394	B	nebula	src/coreModule/nebula_mgr.cpp	138	clog	LOG_TYPE::L_WARNING	LOG_FILE::SCRIPT	ERR	Y	N	N	-	-	-	-	"DSO: Requested nebula to delete not found " + name	delete target not found
F58-B395	B	nebula	src/coreModule/nebula_mgr.cpp	369	clog	LOG_TYPE::L_WARNING	LOG_FILE::INTERNAL	ACT	-	-	-	Y	Y	N	-	"nebula: replacing user added nebula with name " + _englishName	'replacing user added nebula with name <n>' - the replacement is stated, how to avoid it is not
F58-B396	B	nebula	src/coreModule/nebula_mgr.cpp	373	clog	LOG_TYPE::L_WARNING	LOG_FILE::INTERNAL	ACT	-	-	-	Y	Y	N	-	"dso: hide nebula with name " + _englishName	'dso: hide nebula with name <n>'
F58-B397	B	nebula	src/coreModule/nebula_mgr.cpp	395	clog	LOG_TYPE::L_INFO	LOG_FILE::INTERNAL	INFO	-	-	-	-	-	-	-	"Loading NGC data... "	
F58-B398	B	nebula	src/coreModule/nebula_mgr.cpp	399	clog	LOG_TYPE::L_ERROR	LOG_FILE::INTERNAL	ERR	Y	N	N	-	-	-	-	"NGC data file " + cat + " not found""Loading NGC data... "	GARBLED BY A LITERAL SPLICE: the source reads `"NGC data file " + cat + " not found""Loading NGC data... "` - two adjacent string literals concatenate at compile time, so the emitted line is 'NGC data file <cat> not foundLoading NGC data... ' and ends by announcing the load it is refusing
F58-B399	B	nebula	src/coreModule/nebula_mgr.cpp	423	clog	LOG_TYPE::L_INFO	LOG_FILE::INTERNAL	ERR	P	P	N	-	-	-	-	"Nebula: "+ std::to_string(i) + " items loaded, " + std::to_string(data_drop) + " dropped"	'Nebula: <i> items loaded, <d> dropped' at L_INFO is THE ONLY REPORT THAT CATALOGUE RECORDS WERE DROPPED. The drops happen silently at :412 and :419 (data_drop++ with no record); the aggregate names no dropped line, no line number and no reason, so a corrupted catalogue is reported as a number in a progress line
F58-B400	B	skyculture	src/coreModule/constellation_mgr.cpp	162	clog	LOG_TYPE::L_WARNING	LOG_FILE::SCRIPT	ERR	Y	N	N	-	-	-	-	"No constellation Color with shortName "+_name	'No constellation Color/label/ArtIntensity with shortName <n>' - the valid short names are enumerable (the loaded culture's list) and are not offered
F58-B401	B	skyculture	src/coreModule/constellation_mgr.cpp	184	clog	LOG_TYPE::L_WARNING	LOG_FILE::SCRIPT	ERR	Y	N	N	-	-	-	-	"No constellation label with shortName "+_name	'No constellation Color/label/ArtIntensity with shortName <n>' - the valid short names are enumerable (the loaded culture's list) and are not offered
F58-B402	B	skyculture	src/coreModule/constellation_mgr.cpp	208	clog	LOG_TYPE::L_ERROR	LOG_FILE::INTERNAL	ERR	Y	N	N	-	-	-	-	"Constellation_Mgr::loadLinesAndArt can't open constellation data file "+ fileName	'can't open/not found <file>' - the file is named; no reason, no consequence (which culture is now empty?), no action
F58-B403	B	skyculture	src/coreModule/constellation_mgr.cpp	235	clog	LOG_TYPE::L_ERROR	LOG_FILE::INTERNAL	ERR	P	N	N	-	-	-	-	"ConstellationMgr::loadLinesAndArt on line " + std::to_string(line) + " of " + fileName	'loadLinesAndArt on line <n> of <file>' - says WHERE and never WHAT: the reader is given a coordinate and no fault
F58-B404	B	skyculture	src/coreModule/constellation_mgr.cpp	254	clog	LOG_TYPE::L_ERROR	LOG_FILE::INTERNAL	ERR	Y	N	N	-	-	-	-	"ConstellationMgr::loadLinesAndArt Can't open " + artfileName	'can't open/not found <file>' - the file is named; no reason, no consequence (which culture is now empty?), no action
F58-B405	B	skyculture	src/coreModule/constellation_mgr.cpp	279	clog	LOG_TYPE::L_ERROR	LOG_FILE::INTERNAL	ERR	Y	N	N	-	-	-	-	"ConstellationMgr::loadLinesAndArt Can't open " + artfileName	'can't open/not found <file>' - the file is named; no reason, no consequence (which culture is now empty?), no action
F58-B406	B	skyculture	src/coreModule/constellation_mgr.cpp	291	clog	LOG_TYPE::L_ERROR	LOG_FILE::INTERNAL	ERR	Y	N	N	-	-	-	-	"ConstellationMgr::loadLinesAndArt Error parsing constellation art record " + record	'Error parsing constellation art record <record>' - the record is quoted, the expected form is not
F58-B407	B	skyculture	src/coreModule/constellation_mgr.cpp	308	clog	LOG_TYPE::L_ERROR	LOG_FILE::INTERNAL	ERR	Y	N	N	-	-	-	-	"ConstellationMgr::loadLinesAndArt can't find constellation called : " + shortname	art references an unknown constellation
F58-B408	B	skyculture	src/coreModule/constellation_mgr.cpp	553	clog	LOG_TYPE::L_ERROR	LOG_FILE::INTERNAL	ERR	Y	N	N	-	-	-	-	"ConstellationMgr::loadNames :: Can't open file " + namesFile	'can't open/not found <file>' - the file is named; no reason, no consequence (which culture is now empty?), no action
F58-B409	B	skyculture	src/coreModule/constellation_mgr.cpp	644	clog	LOG_TYPE::L_WARNING	LOG_FILE::SCRIPT	ERR	Y	N	N	-	-	-	-	"No constellation ArtIntensity with shortName "+_name	'No constellation Color/label/ArtIntensity with shortName <n>' - the valid short names are enumerable (the loaded culture's list) and are not offered
F58-B410	B	skyculture	src/coreModule/constellation_mgr.cpp	904	clog	LOG_TYPE::L_ERROR	LOG_FILE::INTERNAL	ERR	Y	N	N	-	-	-	-	"Boundary file " + boundaryFile + " not found"	'can't open/not found <file>' - the file is named; no reason, no consequence (which culture is now empty?), no action
F58-B411	B	skyculture	src/coreModule/constellation_mgr.cpp	908	clog	LOG_TYPE::L_INFO	LOG_FILE::INTERNAL	INFO	-	-	-	-	-	-	-	"Loading Constellation boundary data..."	
F58-B412	B	skyculture	src/coreModule/constellation_mgr.cpp	956	clog	LOG_TYPE::L_INFO	LOG_FILE::INTERNAL	INFO	-	-	-	-	-	-	-	"(" + std::to_string(i) + " segments loaded)"	
F58-C413	C	illuminate	src/coreModule/illuminate_mgr.cpp	62	clog	LOG_TYPE::L_ERROR	LOG_FILE::INTERNAL	ERR	P	N	N	-	-	-	-	"Error loading texture illuminateTex"	'Error loading texture illuminateTex' - no path, no reason
F58-C414	C	illuminate	src/coreModule/illuminate_mgr.cpp	288	clog	LOG_TYPE::L_ERROR	LOG_FILE::SCRIPT	ERR	Y	N	N	-	-	-	-	"illuminate: error when loading user texture "+ fileName	'illuminate: error when loading user texture <file>'
F58-C415	C	logchannel	src/tools/log.cpp	95	std::cerr	(console)	(console)	ERR	Y	N	P	-	-	-	P	"(EE): Couldn't open file log!\n Please check file/directory permissions" << std::endl	'(EE): Couldn't open file log!\n Please check file/directory permissions' - the ONLY diagnostic in the tree that cannot use the log, correctly on the console. It does not name the path it tried, and the next statement is a bare `throw;` OUTSIDE any catch [ :96 ], which calls std::terminate: an unwritable log directory aborts the process
F58-C416	C	logchannel	src/tools/log.cpp	207	std::cerr	(console)	(console)	CHAN	-	-	-	-	-	-	-	ligne	writeConsole's two sinks
F58-C417	C	logchannel	src/tools/log.cpp	209	std::cout	(console)	(console)	CHAN	-	-	-	-	-	-	-	ligne	writeConsole's two sinks
F58-C418	C	logchannel	src/main.cpp	72	clog	LOG_TYPE::L_INFO	LOG_FILE::INTERNAL	INFO	-	-	-	-	-	-	-	"Welcome to spacecrafter"	
F58-C419	C	logchannel	src/main.cpp	74	clog	LOG_TYPE::L_INFO	LOG_FILE::INTERNAL	INFO	-	-	-	-	-	-	-	strMsg	
F58-C420	C	logchannel	src/main.cpp	81	clog	LOG_TYPE::L_INFO	LOG_FILE::INTERNAL	INFO	-	-	-	-	-	-	-	strMsg	
F58-C421	C	logchannel	src/main.cpp	95	clog	LOG_TYPE::L_ERROR	LOG_FILE::INTERNAL	ERR	P	N	N	-	-	-	-	"call to uname() with an invalid pointer"	uname() failure
F58-C422	C	logchannel	src/main.cpp	98	clog	LOG_TYPE::L_ERROR	LOG_FILE::INTERNAL	ERR	P	N	N	-	-	-	-	"error calling uname()"	uname() failure
F58-C423	C	logchannel	src/main.cpp	107	clog	LOG_TYPE::L_INFO	LOG_FILE::INTERNAL	INFO	-	-	-	-	-	-	-	strMsg	
F58-C424	C	logchannel	src/main.cpp	115	std::cout	(console)	(console)	INFO	-	-	-	-	-	-	-	APP_NAME << std::endl	--help / --version console output
F58-C425	C	logchannel	src/main.cpp	116	std::cout	(console)	(console)	INFO	-	-	-	-	-	-	-	_("Usage: %s [OPTION] ...\n -v, --version \tOutput version information and exit.\n -h, --help \tDisplay this help and exit.\n")	--help / --version console output
F58-C426	C	logchannel	src/main.cpp	124	std::cout	(console)	(console)	INFO	-	-	-	-	-	-	-	APP_NAME << std::endl	--help / --version console output
F58-C427	C	logchannel	src/main.cpp	133	std::cout	(console)	(console)	INFO	-	-	-	-	-	-	-	APP_NAME << std::endl	--help / --version console output
F58-C428	C	logchannel	src/main.cpp	134	std::cout	(console)	(console)	ERR	P	N	Y	-	-	-	P	argv[0] << " don't use command line argument(s)"<< std::endl	'<argv0> don't use command line argument(s)' [sic] + 'Try `<argv0> --help' for more information.' - the action is present and points at a real enumeration
F58-C429	C	logchannel	src/main.cpp	135	std::cout	(console)	(console)	ERR	P	N	Y	-	-	-	P	"Try `"<< argv[0] << " --help' for more information."<< std::endl	'<argv0> don't use command line argument(s)' [sic] + 'Try `<argv0> --help' for more information.' - the action is present and points at a real enumeration
F58-C430	C	logchannel	src/main.cpp	158	clog	LOG_TYPE::L_INFO	LOG_FILE::INTERNAL	INFO	-	-	-	-	-	-	-	"Saved getpid is : "+ ch	
F58-C431	C	logchannel	src/main.cpp	171	clog	LOG_TYPE::L_INFO	LOG_FILE::INTERNAL	INFO	-	-	-	-	-	-	-	"File file.lock successfully deleted"	
F58-C432	C	logchannel	src/main.cpp	173	clog	LOG_TYPE::L_ERROR	LOG_FILE::INTERNAL	ERR	P	N	N	-	-	-	-	"Error deleting file.lock"	'Error deleting file.lock' - no path, no errno, no consequence
F58-S001	S	silent	src/interfaceModule/app_command_interface.cpp	1154	(none)	(none)	(none)	SILENT	N	N	N	N	N	N	N	(nothing is emitted)	convertStrToFlagValues: `if (value==W_TOGGLE) TOGGLE; else if (Utility::isTrue(value)) ON; else OFF;` [ :1156-1160 ]. Utility::isTrue accepts exactly true|TRUE|on|ON|1 [utility.hpp:160-171], so EVERY other value - 'yes', 'enabled', 'Off', a typo, a number - becomes OFF. Nothing is emitted and executeCommandStatus reports SUCCESS. `flag atmosphere yes` turns the atmosphere OFF and records a success
F58-S002	S	silent	src/interfaceModule/app_command_eval.cpp	116	(none)	(none)	(none)	SILENT	N	N	N	N	N	N	N	(nothing is emitted)	evalDouble falls through to Utility::strToDouble [ :125 ], whose catch-all returns default_value = 0 [utility.cpp:399-406]; evalInt casts that [ :130-133 ]; Utility::strToInt leaves 0 on a failed extraction [utility.cpp:448-456]. A non-numeric argument therefore becomes 0 in silence, and `set` routes ~40 targets through it [app_command_interface.cpp:2155-2222]. `set moon_scale big` sets the Moon's scale to 0 and reports success
F58-S003	S	silent	src/navModule/anchor_manager.hpp	201	(none)	(none)	(none)	SILENT	N	N	N	N	N	N	N	(nothing is emitted)	SS-6's live half, measured in the field (§5.97c / §11.177(d)): `bool setRotationMultiplierCondition(float v) noexcept { if (v>1.0) rotationMultiplierCondition = v; return true; }` [ :201-206 ] - a value <= 1.0 is DROPPED and the function returns true anyway; the caller [ssystem_factory.hpp:964-966] discards even that bool. Reached from `set stall_radius_unit` [app_command_interface.cpp:2217] and from config.ini [navigation] stall_radius_unit [ssystem_factory.hpp:978]. The engine keeps 5.0 and says nothing. Outside the universe's file list by one hop and included because the ledger banks it
F58-S004	S	silent	src/coreModule/illuminate_mgr.cpp	176	(none)	(none)	(none)	DELIB	N	N	N	N	N	N	N	(nothing is emitted)	THE BANKED ILLUMINATE CLAMP (F53 acceptance): `if (angular_size<1.0) angular_size=defaultSize;` [ :176-177 ] - a silent acting default with none of the three elements. Classified DELIB and not a naive gap: §5.115 pre-classifies the bulk-script sites as known-deliberate and cost-forced, and this is exactly that path - §11.170(a2) measured ~100k individual illuminate commands in one authored show, so a per-call log line here is the log-volume defect itself. The fix this row belongs to is §5.115(2)'s O(1)-per-site dedup-with-counter, not a cLog call
F58-S005	S	silent	src/coreModule/illuminate_mgr.cpp	126	(none)	(none)	(none)	DELIB	N	N	N	N	N	N	N	(nothing is emitted)	IlluminateMgr::load's three silent early returns - `num>NR_OF_HIP` [ :127-128 ], `_size<=0` [ :129-133 ], `_size<=1` [ :135-139 ] - each refuses a script command with no record at all. Same bulk-volume argument as :176; the `_size<=1` return is the precondition §11.170(2) had to discover by measurement because nothing states it
F58-S006	S	silent	src/coreModule/sky_localizer.cpp	31	(none)	(none)	(none)	SILENT	N	N	N	-	-	-	N	(nothing is emitted)	THE SKY-CULTURE ENUMERATOR HAS NO DIAGNOSTIC AT ALL: zero cLog calls, zero console writes in the whole file. The directory walk [ :31-45 ] skips any entry that is not a directory and any directory whose info.ini is missing or unreadable, in silence; a culture that will not appear in the list produces no record of why. The one channel it ever had is the commented-out std::cerr at :14
F58-S007	S	silent	src/coreModule/nebula_mgr.cpp	412	(none)	(none)	(none)	SILENT	N	N	N	-	-	-	N	(nothing is emitted)	the NGC catalogue's per-record drops: `data_drop++` at :412 (extraction failed) and :419 (loadDeepskyObject refused) emit NOTHING - neither the record, nor the line number, nor the reason. Only the aggregate at :423 survives, at L_INFO
F58-S008	S	silent	src/appModule/app.cpp	762	(none)	(none)	(none)	SILENT	N	N	N	-	-	-	N	(nothing is emitted)	App::updateFromSharedData discards executeCommand's return on BOTH transports [ :762 mkfifo, :771 tcp ], and ScriptMgr::update discards it too [script_mgr.cpp:311, :330]. So a refused command stops nothing and tells nobody: the script runs on with the state the failed line was supposed to set, and the TCP client that sent it receives no answer. This is the CONSEQUENCES element that 157 arm-A records are missing, and it is the same sentence for all of them
