000000000113: (Info ): Reading GPU(s) properties
000000000114: (Info ): GPU selected
000000000114: ===== Device info =====
API Version : 1.4.312
Driver Version : 580.636.192
Vendor : NVIDIA
Device : NVIDIA GeForce RTX 5090 (id = 11141)
Device type : Discrete GPU
000000000114: ===== Used device features =====
--- Vulkan 1.0 features ---
geometryShader : [92;1menabled[0m
tessellationShader : [92;1menabled[0m
sampleRateShading : [92;1menabled[0m
wideLines : [92;1menabled[0m
samplerAnisotropy : [92;1menabled[0m
shaderFloat64 : [92;1menabled[0m

000000000243: (Debug): GPU memory	total : 32607 MiB   	available : 29017 MiB	used : 12 MiB    	free : 29004 MiB
000000000243: (Debug): local memory	total : 45477 MiB   	available : 45477 MiB	used : 5 MiB    	free : 45472 MiB
000000000243: (Info ): Advanced event enabled
000000000329: (Debug): Dedicated allocation of 512 MiB of GPU memory.
000000000329: (Debug): GPU memory	total : 32607 MiB   	available : 29001 MiB	used : 12 MiB    	free : 28989 MiB
000000000329: (Debug): local memory	total : 45477 MiB   	available : 45477 MiB	used : 517 MiB    	free : 44960 MiB
000000000329: (Debug): Allocate chunk of 1 MiB in GPU memory.
000000000329: (Debug): GPU memory	total : 32607 MiB   	available : 29001 MiB	used : 13 MiB    	free : 28988 MiB
000000000329: (Debug): local memory	total : 45477 MiB   	available : 45477 MiB	used : 517 MiB    	free : 44960 MiB
000000000330: (Debug): Dedicated allocation of 160 MiB of GPU memory.
000000000330: (Debug): GPU memory	total : 32607 MiB   	available : 28981 MiB	used : 173 MiB    	free : 28807 MiB
000000000330: (Debug): local memory	total : 45477 MiB   	available : 45477 MiB	used : 517 MiB    	free : 44960 MiB
000000000330: (Debug): Created image support for 'depth attachment'
000000000331: (Debug): Dedicated allocation of 1280 MiB of GPU memory.
000000000331: (Debug): GPU memory	total : 32607 MiB   	available : 28977 MiB	used : 1453 MiB    	free : 27524 MiB
000000000331: (Debug): local memory	total : 45477 MiB   	available : 45477 MiB	used : 517 MiB    	free : 44960 MiB
000000000331: (Debug): Created image support for 'Shadow Depth Buffer'
000000000331: (Debug): Dedicated allocation of 7 MiB of GPU memory.
000000000331: (Debug): GPU memory	total : 32607 MiB   	available : 28996 MiB	used : 1461 MiB    	free : 27535 MiB
000000000331: (Debug): local memory	total : 45477 MiB   	available : 45477 MiB	used : 517 MiB    	free : 44960 MiB
000000000331: (Debug): Created image support for 'Shadow Stencil Buffer'
000000000333: (Debug): Allocate chunk of 256 MiB in GPU memory.
000000000333: (Debug): GPU memory	total : 32607 MiB   	available : 29010 MiB	used : 1717 MiB    	free : 27293 MiB
000000000333: (Debug): local memory	total : 45477 MiB   	available : 45477 MiB	used : 517 MiB    	free : 44960 MiB
000000000334: (Debug): Created image support for 'Shadow Shape Buffer'
000000000334: (Debug): Build FrameBuffer 'self shadow' with size (16384, 16384)
000000000334: (Debug): Build FrameBuffer 'shadow tracer' with size (1280, 1280)
000000000334: (Debug): Build FrameBuffer 'shadow shape' with size (1280, 1280)
000000000334: (Info ): Binding of 'main color 0' view implicitly call use() (safety fallback)
000000000334: (Debug): Dedicated allocation of 16 MiB of GPU memory.
000000000334: (Debug): GPU memory	total : 32607 MiB   	available : 29010 MiB	used : 1733 MiB    	free : 27277 MiB
000000000334: (Debug): local memory	total : 45477 MiB   	available : 45477 MiB	used : 517 MiB    	free : 44960 MiB
000000000334: (Debug): Created image support for 'main color 0'
000000000334: (Info ): Binding of 'multisample color 0' view implicitly call use() (safety fallback)
000000000335: (Debug): Dedicated allocation of 128 MiB of GPU memory.
000000000335: (Debug): GPU memory	total : 32607 MiB   	available : 29010 MiB	used : 1861 MiB    	free : 27149 MiB
000000000335: (Debug): local memory	total : 45477 MiB   	available : 45477 MiB	used : 517 MiB    	free : 44960 MiB
000000000335: (Debug): Created image support for 'multisample color 0'
000000000335: (Debug): Build FrameBuffer 'main 0' with size (2048, 2048)
000000000335: (Info ): Binding of 'main color 1' view implicitly call use() (safety fallback)
000000000335: (Debug): Dedicated allocation of 16 MiB of GPU memory.
000000000335: (Debug): GPU memory	total : 32607 MiB   	available : 29010 MiB	used : 1877 MiB    	free : 27133 MiB
000000000335: (Debug): local memory	total : 45477 MiB   	available : 45477 MiB	used : 517 MiB    	free : 44960 MiB
000000000335: (Debug): Created image support for 'main color 1'
000000000335: (Info ): Binding of 'multisample color 1' view implicitly call use() (safety fallback)
000000000335: (Debug): Dedicated allocation of 128 MiB of GPU memory.
000000000335: (Debug): GPU memory	total : 32607 MiB   	available : 29010 MiB	used : 2005 MiB    	free : 27005 MiB
000000000335: (Debug): local memory	total : 45477 MiB   	available : 45477 MiB	used : 517 MiB    	free : 44960 MiB
000000000335: (Debug): Created image support for 'multisample color 1'
000000000335: (Debug): Build FrameBuffer 'main 1' with size (2048, 2048)
000000000335: (Info ): Binding of 'main color 2' view implicitly call use() (safety fallback)
000000000335: (Debug): Dedicated allocation of 16 MiB of GPU memory.
000000000335: (Debug): GPU memory	total : 32607 MiB   	available : 29010 MiB	used : 2021 MiB    	free : 26989 MiB
000000000335: (Debug): local memory	total : 45477 MiB   	available : 45477 MiB	used : 517 MiB    	free : 44960 MiB
000000000335: (Debug): Created image support for 'main color 2'
000000000335: (Info ): Binding of 'multisample color 2' view implicitly call use() (safety fallback)
000000000335: (Debug): Dedicated allocation of 128 MiB of GPU memory.
000000000335: (Debug): GPU memory	total : 32607 MiB   	available : 29010 MiB	used : 2149 MiB    	free : 26861 MiB
000000000335: (Debug): local memory	total : 45477 MiB   	available : 45477 MiB	used : 517 MiB    	free : 44960 MiB
000000000335: (Debug): Created image support for 'multisample color 2'
000000000335: (Debug): Build FrameBuffer 'main 2' with size (2048, 2048)
000000000350: (Debug): No vertex entry defined for Pipeline "Use splash.vert.spv splash.frag.spv"
000000000351: (Info ): Binding of 'splash/spacecrafter.png' view implicitly call use() (safety fallback)
000000000351: (Debug): Created image support for 'splash/spacecrafter.png'
000000000351: (Debug): No cmd given for 'splash/spacecrafter.png', creating uninitialized texture
000000000384: (Debug): Dedicated allocation of 256 MiB of GPU memory.
000000000384: (Debug): GPU memory	total : 32607 MiB   	available : 28995 MiB	used : 2149 MiB    	free : 26846 MiB
000000000384: (Debug): local memory	total : 45477 MiB   	available : 45477 MiB	used : 773 MiB    	free : 44704 MiB
000000000559: (Debug): Dedicated allocation of 1536 MiB of GPU memory.
000000000559: (Debug): GPU memory	total : 32607 MiB   	available : 29004 MiB	used : 2149 MiB    	free : 26855 MiB
000000000559: (Debug): local memory	total : 45477 MiB   	available : 45477 MiB	used : 2309 MiB    	free : 43168 MiB
000000000636: (Debug): Dedicated allocation of 682 MiB of GPU memory.
000000000636: (Debug): GPU memory	total : 32607 MiB   	available : 29004 MiB	used : 2149 MiB    	free : 26855 MiB
000000000636: (Debug): local memory	total : 45477 MiB   	available : 45477 MiB	used : 2991 MiB    	free : 42486 MiB
000000000640: (Debug): Dedicated allocation of 48 MiB of GPU memory.
000000000640: (Debug): GPU memory	total : 32607 MiB   	available : 29004 MiB	used : 2149 MiB    	free : 26855 MiB
000000000640: (Debug): local memory	total : 45477 MiB   	available : 45477 MiB	used : 3039 MiB    	free : 42438 MiB
000000000641: (Debug): Dedicated allocation of 512 MiB of GPU memory.
000000000641: (Debug): GPU memory	total : 32607 MiB   	available : 29004 MiB	used : 2661 MiB    	free : 26343 MiB
000000000641: (Debug): local memory	total : 45477 MiB   	available : 45477 MiB	used : 3039 MiB    	free : 42438 MiB
000000000641: (Debug): Allocate chunk of 1 MiB in GPU memory.
000000000641: (Debug): GPU memory	total : 32607 MiB   	available : 29004 MiB	used : 2662 MiB    	free : 26342 MiB
000000000641: (Debug): local memory	total : 45477 MiB   	available : 45477 MiB	used : 3039 MiB    	free : 42438 MiB
000000000641: (Debug): Dedicated allocation of 128 MiB of GPU memory.
000000000641: (Debug): GPU memory	total : 32607 MiB   	available : 29004 MiB	used : 2790 MiB    	free : 26214 MiB
000000000641: (Debug): local memory	total : 45477 MiB   	available : 45477 MiB	used : 3039 MiB    	free : 42438 MiB
000000000641: (Debug): Dedicated allocation of 64 MiB of GPU memory.
000000000641: (Debug): GPU memory	total : 32607 MiB   	available : 29004 MiB	used : 2854 MiB    	free : 26150 MiB
000000000641: (Debug): local memory	total : 45477 MiB   	available : 45477 MiB	used : 3039 MiB    	free : 42438 MiB
000000000641: (Debug): Allocate chunk of 1 MiB in GPU memory.
000000000641: (Debug): GPU memory	total : 32607 MiB   	available : 29004 MiB	used : 2855 MiB    	free : 26148 MiB
000000000641: (Debug): local memory	total : 45477 MiB   	available : 45477 MiB	used : 3039 MiB    	free : 42438 MiB
000000000641: (Debug): Dedicated allocation of 16 MiB of GPU memory.
000000000641: (Debug): GPU memory	total : 32607 MiB   	available : 29004 MiB	used : 2871 MiB    	free : 26132 MiB
000000000641: (Debug): local memory	total : 45477 MiB   	available : 45477 MiB	used : 3039 MiB    	free : 42438 MiB
000000000641: (Debug): Created image support for 'star FBO'
000000000641: (Debug): Created image support for 'Projected shadows'
000000000923: (Debug): Created image support for 'textures/tex_nebulaes.png'
000000000923: (Debug): No cmd given for 'textures/tex_nebulaes.png', creating uninitialized texture
000000000965: (Debug): Created image support for 'textures/star16x16.png'
000000000965: (Debug): No cmd given for 'textures/star16x16.png', creating uninitialized texture
000000001109: (Debug): Created image support for 'textures/volum_cloud.png'
000000001109: (Debug): No cmd given for 'textures/volum_cloud.png', creating uninitialized texture
000000002510: (Debug): Dedicated allocation of 512 MiB of GPU memory.
000000002510: (Debug): GPU memory	total : 32607 MiB   	available : 28996 MiB	used : 3415 MiB    	free : 25581 MiB
000000002510: (Debug): local memory	total : 45477 MiB   	available : 45477 MiB	used : 3056 MiB    	free : 42421 MiB
000000002510: (Debug): Created image support for 'textures/milkyway-vguerin-d128.png'
000000002510: (Debug): No cmd given for 'textures/milkyway-vguerin-d128.png', creating uninitialized texture
000000002530: (Debug): Dedicated allocation of 20 MiB of GPU memory.
000000002530: (Debug): GPU memory	total : 32607 MiB   	available : 28996 MiB	used : 3435 MiB    	free : 25561 MiB
000000002530: (Debug): local memory	total : 45477 MiB   	available : 45477 MiB	used : 3056 MiB    	free : 42421 MiB
000000002530: (Debug): Created image support for 'depth attachment'
000000002530: (Debug): Build FrameBuffer 'hip_star single' with size (2048, 2048)
000000002530: (Debug): Build FrameBuffer 'hip_star combine' with size (2048, 2048)
000000002539: (Debug): Created image support for 'textures/star_illuminate.png'
000000002539: (Debug): No cmd given for 'textures/star_illuminate.png', creating uninitialized texture
000000002573: (Debug): Created image support for 'textures/pointer_planet.png'
000000002573: (Debug): No cmd given for 'textures/pointer_planet.png', creating uninitialized texture
000000002574: (Debug): Created image support for 'New-path projected shadows'
000000002576: (Debug): No vertex entry defined for Pipeline "SHADOW_RING#SHADOW_SHAPE+0000"
000000002578: (Debug): Dedicated allocation of 32 MiB of GPU memory.
000000002578: (Debug): GPU memory	total : 32607 MiB   	available : 28996 MiB	used : 3467 MiB    	free : 25529 MiB
000000002578: (Debug): local memory	total : 45477 MiB   	available : 45477 MiB	used : 3056 MiB    	free : 42421 MiB
000000002590: (Debug): Created image support for 'textures/big_halo.png'
000000002590: (Debug): No cmd given for 'textures/big_halo.png', creating uninitialized texture
000000002616: (Debug): Created image support for 'textures/nebulae/abell1656-stephane_dumont.png'
000000002616: (Debug): No cmd given for 'textures/nebulae/abell1656-stephane_dumont.png', creating uninitialized texture
000000002636: (Debug): Created image support for 'textures/nebulae/abell2151-pedro_re.png'
000000002636: (Debug): No cmd given for 'textures/nebulae/abell2151-pedro_re.png', creating uninitialized texture
000000002657: (Debug): Created image support for 'textures/nebulae/abell0426-naoyuki_kurita.png'
000000002657: (Debug): No cmd given for 'textures/nebulae/abell0426-naoyuki_kurita.png', creating uninitialized texture
000000002677: (Debug): Created image support for 'textures/nebulae/albireo.png'
000000002677: (Debug): No cmd given for 'textures/nebulae/albireo.png', creating uninitialized texture
000000002697: (Debug): Created image support for 'textures/nebulae/ic434-eric_courcier.png'
000000002697: (Debug): No cmd given for 'textures/nebulae/ic434-eric_courcier.png', creating uninitialized texture
000000002718: (Debug): Created image support for 'textures/nebulae/placeholder.png'
000000002718: (Debug): No cmd given for 'textures/nebulae/placeholder.png', creating uninitialized texture
000000002738: (Debug): Created image support for 'textures/nebulae/b72-68-jacques_ardissone.png'
000000002738: (Debug): No cmd given for 'textures/nebulae/b72-68-jacques_ardissone.png', creating uninitialized texture
000000002758: (Debug): Created image support for 'textures/nebulae/cygnusx1.png'
000000002758: (Debug): No cmd given for 'textures/nebulae/cygnusx1.png', creating uninitialized texture
000000002779: (Debug): Created image support for 'textures/nebulae/deepfield_north-hst.png'
000000002779: (Debug): No cmd given for 'textures/nebulae/deepfield_north-hst.png', creating uninitialized texture
000000002799: (Debug): Created image support for 'textures/nebulae/deepfield_south-hst.png'
000000002799: (Debug): No cmd given for 'textures/nebulae/deepfield_south-hst.png', creating uninitialized texture
000000002819: (Debug): Created image support for 'textures/nebulae/gamma_cyg-eric_courcier.png'
000000002819: (Debug): No cmd given for 'textures/nebulae/gamma_cyg-eric_courcier.png', creating uninitialized texture
000000002899: (Debug): Created image support for 'textures/nebulae/HXDF-hst.png'
000000002899: (Debug): No cmd given for 'textures/nebulae/HXDF-hst.png', creating uninitialized texture
000000002920: (Debug): Created image support for 'textures/nebulae/ic1396-chris_schur.png'
000000002920: (Debug): No cmd given for 'textures/nebulae/ic1396-chris_schur.png', creating uninitialized texture
000000002940: (Debug): Created image support for 'textures/nebulae/IC1805-eric_courcier.png'
000000002940: (Debug): No cmd given for 'textures/nebulae/IC1805-eric_courcier.png', creating uninitialized texture
000000002960: (Debug): Created image support for 'textures/nebulae/IC1848-eric_courcier.png'
000000002960: (Debug): No cmd given for 'textures/nebulae/IC1848-eric_courcier.png', creating uninitialized texture
000000002980: (Debug): Created image support for 'textures/nebulae/ic2118-george_greaney.png'
000000002980: (Debug): No cmd given for 'textures/nebulae/ic2118-george_greaney.png', creating uninitialized texture
000000003007: (Debug): Created image support for 'textures/nebulae/ic2177-george_greaney.png'
000000003007: (Debug): No cmd given for 'textures/nebulae/ic2177-george_greaney.png', creating uninitialized texture
000000003027: (Debug): Created image support for 'textures/nebulae/ic2944-laurent_ferrero.png'
000000003027: (Debug): No cmd given for 'textures/nebulae/ic2944-laurent_ferrero.png', creating uninitialized texture
000000003047: (Debug): Created image support for 'textures/nebulae/ic0405-chris_schur.png'
000000003047: (Debug): No cmd given for 'textures/nebulae/ic0405-chris_schur.png', creating uninitialized texture
000000003067: (Debug): Created image support for 'textures/nebulae/ic0418-walter_mac_donald.png'
000000003067: (Debug): No cmd given for 'textures/nebulae/ic0418-walter_mac_donald.png', creating uninitialized texture
000000003088: (Debug): Created image support for 'textures/nebulae/ic0443-chris_schur.png'
000000003088: (Debug): No cmd given for 'textures/nebulae/ic0443-chris_schur.png', creating uninitialized texture
000000003108: (Debug): Created image support for 'textures/nebulae/ic5146-tom_carrico.png'
000000003108: (Debug): No cmd given for 'textures/nebulae/ic5146-tom_carrico.png', creating uninitialized texture
000000003128: (Debug): Created image support for 'textures/nebulae/ic5148-observatoire_des_makes.png'
000000003128: (Debug): No cmd given for 'textures/nebulae/ic5148-observatoire_des_makes.png', creating uninitialized texture
000000003148: (Debug): Created image support for 'textures/nebulae/kemble_cascade-maxime_spano.png'
000000003148: (Debug): No cmd given for 'textures/nebulae/kemble_cascade-maxime_spano.png', creating uninitialized texture
000000003168: (Debug): Created image support for 'textures/nebulae/lmc-stephane_guisard.png'
000000003168: (Debug): No cmd given for 'textures/nebulae/lmc-stephane_guisard.png', creating uninitialized texture
000000003188: (Debug): Created image support for 'textures/nebulae/m001-hst.png'
000000003188: (Debug): No cmd given for 'textures/nebulae/m001-hst.png', creating uninitialized texture
000000003209: (Debug): Created image support for 'textures/nebulae/m002-hst.png'
000000003209: (Debug): No cmd given for 'textures/nebulae/m002-hst.png', creating uninitialized texture
000000003229: (Debug): Created image support for 'textures/nebulae/m003-hunter_wilson.png'
000000003229: (Debug): No cmd given for 'textures/nebulae/m003-hunter_wilson.png', creating uninitialized texture
000000003249: (Debug): Created image support for 'textures/nebulae/m004-antilhue.png'
000000003249: (Debug): No cmd given for 'textures/nebulae/m004-antilhue.png', creating uninitialized texture
000000003269: (Debug): Created image support for 'textures/nebulae/m005-hst.png'
000000003269: (Debug): No cmd given for 'textures/nebulae/m005-hst.png', creating uninitialized texture
000000003289: (Debug): Created image support for 'textures/nebulae/m008-jacques_ardissone.png'
000000003289: (Debug): No cmd given for 'textures/nebulae/m008-jacques_ardissone.png', creating uninitialized texture
000000003309: (Debug): Created image support for 'textures/nebulae/m009-hst.png'
000000003309: (Debug): No cmd given for 'textures/nebulae/m009-hst.png', creating uninitialized texture
000000003330: (Debug): Created image support for 'textures/nebulae/m010-hst.png'
000000003330: (Debug): No cmd given for 'textures/nebulae/m010-hst.png', creating uninitialized texture
000000003350: (Debug): Created image support for 'textures/nebulae/m011-maxime_spano.png'
000000003350: (Debug): No cmd given for 'textures/nebulae/m011-maxime_spano.png', creating uninitialized texture
000000003370: (Debug): Created image support for 'textures/nebulae/m012-paul_downing.png'
000000003370: (Debug): No cmd given for 'textures/nebulae/m012-paul_downing.png', creating uninitialized texture
000000003390: (Debug): Created image support for 'textures/nebulae/m013-centre_astro.png'
000000003390: (Debug): No cmd given for 'textures/nebulae/m013-centre_astro.png', creating uninitialized texture
000000003410: (Debug): Created image support for 'textures/nebulae/m014-hunter_wilson.png'
000000003410: (Debug): No cmd given for 'textures/nebulae/m014-hunter_wilson.png', creating uninitialized texture
000000003430: (Debug): Created image support for 'textures/nebulae/m015-stephane_dumont.png'
000000003430: (Debug): No cmd given for 'textures/nebulae/m015-stephane_dumont.png', creating uninitialized texture
000000003450: (Debug): Created image support for 'textures/nebulae/m016-eric_courcier.png'
000000003450: (Debug): No cmd given for 'textures/nebulae/m016-eric_courcier.png', creating uninitialized texture
000000003471: (Debug): Created image support for 'textures/nebulae/m017-jacques_ardissone.png'
000000003471: (Debug): No cmd given for 'textures/nebulae/m017-jacques_ardissone.png', creating uninitialized texture
000000003491: (Debug): Created image support for 'textures/nebulae/m018-2mass.png'
000000003491: (Debug): No cmd given for 'textures/nebulae/m018-2mass.png', creating uninitialized texture
000000003511: (Debug): Created image support for 'textures/nebulae/m019-2mass.png'
000000003511: (Debug): No cmd given for 'textures/nebulae/m019-2mass.png', creating uninitialized texture
000000003531: (Debug): Created image support for 'textures/nebulae/m020-jacques_ardissone.png'
000000003531: (Debug): No cmd given for 'textures/nebulae/m020-jacques_ardissone.png', creating uninitialized texture
000000003551: (Debug): Created image support for 'textures/nebulae/m021-noao.png'
000000003551: (Debug): No cmd given for 'textures/nebulae/m021-noao.png', creating uninitialized texture
000000003571: (Debug): Created image support for 'textures/nebulae/m022-lionel_ruiz.png'
000000003571: (Debug): No cmd given for 'textures/nebulae/m022-lionel_ruiz.png', creating uninitialized texture
000000003591: (Debug): Created image support for 'textures/nebulae/m023-aca.png'
000000003591: (Debug): No cmd given for 'textures/nebulae/m023-aca.png', creating uninitialized texture
000000003612: (Debug): Created image support for 'textures/nebulae/m025-noao.png'
000000003612: (Debug): No cmd given for 'textures/nebulae/m025-noao.png', creating uninitialized texture
000000003632: (Debug): Created image support for 'textures/nebulae/m026-aca.png'
000000003632: (Debug): No cmd given for 'textures/nebulae/m026-aca.png', creating uninitialized texture
000000003652: (Debug): Created image support for 'textures/nebulae/m027-stephane_dumont.png'
000000003652: (Debug): No cmd given for 'textures/nebulae/m027-stephane_dumont.png', creating uninitialized texture
000000003692: (Debug): Created image support for 'textures/nebulae/m028-hst.png'
000000003692: (Debug): No cmd given for 'textures/nebulae/m028-hst.png', creating uninitialized texture
000000003712: (Debug): Created image support for 'textures/nebulae/m029-aca.png'
000000003712: (Debug): No cmd given for 'textures/nebulae/m029-aca.png', creating uninitialized texture
000000003732: (Debug): Created image support for 'textures/nebulae/m030-hst.png'
000000003732: (Debug): No cmd given for 'textures/nebulae/m030-hst.png', creating uninitialized texture
000000003793: (Debug): Created image support for 'textures/nebulae/m031-g_seigneuret.png'
000000003793: (Debug): No cmd given for 'textures/nebulae/m031-g_seigneuret.png', creating uninitialized texture
000000003813: (Debug): Created image support for 'textures/nebulae/m033-g_seigneuret.png'
000000003813: (Debug): No cmd given for 'textures/nebulae/m033-g_seigneuret.png', creating uninitialized texture
000000003833: (Debug): Created image support for 'textures/nebulae/m034-aca.png'
000000003833: (Debug): No cmd given for 'textures/nebulae/m034-aca.png', creating uninitialized texture
000000003853: (Debug): Created image support for 'textures/nebulae/m035-robert_j_hawley.png'
000000003853: (Debug): No cmd given for 'textures/nebulae/m035-robert_j_hawley.png', creating uninitialized texture
000000003873: (Debug): Created image support for 'textures/nebulae/m036-noao.png'
000000003873: (Debug): No cmd given for 'textures/nebulae/m036-noao.png', creating uninitialized texture
000000003893: (Debug): Created image support for 'textures/nebulae/m037-ole_neilsen.png'
000000003893: (Debug): No cmd given for 'textures/nebulae/m037-ole_neilsen.png', creating uninitialized texture
000000003914: (Debug): Created image support for 'textures/nebulae/m038-hst.png'
000000003914: (Debug): No cmd given for 'textures/nebulae/m038-hst.png', creating uninitialized texture
000000003934: (Debug): Created image support for 'textures/nebulae/m039-noao.png'
000000003934: (Debug): No cmd given for 'textures/nebulae/m039-noao.png', creating uninitialized texture
000000003954: (Debug): Created image support for 'textures/nebulae/m040-aca.png'
000000003954: (Debug): No cmd given for 'textures/nebulae/m040-aca.png', creating uninitialized texture
000000003974: (Debug): Created image support for 'textures/nebulae/m041-aca.png'
000000003974: (Debug): No cmd given for 'textures/nebulae/m041-aca.png', creating uninitialized texture
000000004014: (Debug): Created image support for 'textures/nebulae/m042-hst.png'
000000004014: (Debug): No cmd given for 'textures/nebulae/m042-hst.png', creating uninitialized texture
000000004035: (Debug): Created image support for 'textures/nebulae/m044-maxime_spano.png'
000000004035: (Debug): No cmd given for 'textures/nebulae/m044-maxime_spano.png', creating uninitialized texture
000000004055: (Debug): Created image support for 'textures/nebulae/m045-jacques_ardissone.png'
000000004055: (Debug): No cmd given for 'textures/nebulae/m045-jacques_ardissone.png', creating uninitialized texture
000000004075: (Debug): Created image support for 'textures/nebulae/m046-noao.png'
000000004075: (Debug): No cmd given for 'textures/nebulae/m046-noao.png', creating uninitialized texture
000000004095: (Debug): Created image support for 'textures/nebulae/m047-aca.png'
000000004095: (Debug): No cmd given for 'textures/nebulae/m047-aca.png', creating uninitialized texture
000000004115: (Debug): Created image support for 'textures/nebulae/m048-aca.png'
000000004115: (Debug): No cmd given for 'textures/nebulae/m048-aca.png', creating uninitialized texture
000000004137: (Debug): Allocate chunk of 256 MiB in GPU memory.
000000004137: (Debug): GPU memory	total : 32607 MiB   	available : 28997 MiB	used : 3755 MiB    	free : 25241 MiB
000000004137: (Debug): local memory	total : 45477 MiB   	available : 45477 MiB	used : 3056 MiB    	free : 42421 MiB
000000004137: (Debug): Created image support for 'textures/nebulae/m049-sdss2.png'
000000004137: (Debug): No cmd given for 'textures/nebulae/m049-sdss2.png', creating uninitialized texture
000000004158: (Debug): Created image support for 'textures/nebulae/m050-aca.png'
000000004158: (Debug): No cmd given for 'textures/nebulae/m050-aca.png', creating uninitialized texture
000000004178: (Debug): Created image support for 'textures/nebulae/m051-hst.png'
000000004178: (Debug): No cmd given for 'textures/nebulae/m051-hst.png', creating uninitialized texture
000000004198: (Debug): Created image support for 'textures/nebulae/m052-aca.png'
000000004198: (Debug): No cmd given for 'textures/nebulae/m052-aca.png', creating uninitialized texture
000000004218: (Debug): Created image support for 'textures/nebulae/m053-hst.png'
000000004218: (Debug): No cmd given for 'textures/nebulae/m053-hst.png', creating uninitialized texture
000000004238: (Debug): Created image support for 'textures/nebulae/m054-hst.png'
000000004238: (Debug): No cmd given for 'textures/nebulae/m054-hst.png', creating uninitialized texture
000000004258: (Debug): Created image support for 'textures/nebulae/m055-nasa.png'
000000004258: (Debug): No cmd given for 'textures/nebulae/m055-nasa.png', creating uninitialized texture
000000004278: (Debug): Created image support for 'textures/nebulae/m056-hst.png'
000000004278: (Debug): No cmd given for 'textures/nebulae/m056-hst.png', creating uninitialized texture
000000004299: (Debug): Created image support for 'textures/nebulae/m057-hst.png'
000000004299: (Debug): No cmd given for 'textures/nebulae/m057-hst.png', creating uninitialized texture
000000004319: (Debug): Created image support for 'textures/nebulae/m058-adam_block.png'
000000004319: (Debug): No cmd given for 'textures/nebulae/m058-adam_block.png', creating uninitialized texture
000000004339: (Debug): Created image support for 'textures/nebulae/m059-hst.png'
000000004339: (Debug): No cmd given for 'textures/nebulae/m059-hst.png', creating uninitialized texture
000000004359: (Debug): Created image support for 'textures/nebulae/m060-hst.png'
000000004359: (Debug): No cmd given for 'textures/nebulae/m060-hst.png', creating uninitialized texture
000000004379: (Debug): Created image support for 'textures/nebulae/m061-adam_block.png'
000000004379: (Debug): No cmd given for 'textures/nebulae/m061-adam_block.png', creating uninitialized texture
000000004399: (Debug): Created image support for 'textures/nebulae/m062-hst.png'
000000004399: (Debug): No cmd given for 'textures/nebulae/m062-hst.png', creating uninitialized texture
000000004420: (Debug): Created image support for 'textures/nebulae/m063-adam_block.png'
000000004420: (Debug): No cmd given for 'textures/nebulae/m063-adam_block.png', creating uninitialized texture
000000004440: (Debug): Created image support for 'textures/nebulae/m064-hst.png'
000000004440: (Debug): No cmd given for 'textures/nebulae/m064-hst.png', creating uninitialized texture
000000004460: (Debug): Created image support for 'textures/nebulae/m065-robert_j_hawley.png'
000000004460: (Debug): No cmd given for 'textures/nebulae/m065-robert_j_hawley.png', creating uninitialized texture
000000004480: (Debug): Created image support for 'textures/nebulae/m067-palomar.png'
000000004480: (Debug): No cmd given for 'textures/nebulae/m067-palomar.png', creating uninitialized texture
000000004500: (Debug): Created image support for 'textures/nebulae/m068-hst.png'
000000004500: (Debug): No cmd given for 'textures/nebulae/m068-hst.png', creating uninitialized texture
000000004520: (Debug): Created image support for 'textures/nebulae/m069-hst.png'
000000004520: (Debug): No cmd given for 'textures/nebulae/m069-hst.png', creating uninitialized texture
000000004540: (Debug): Created image support for 'textures/nebulae/m070-hst.png'
000000004540: (Debug): No cmd given for 'textures/nebulae/m070-hst.png', creating uninitialized texture
000000004561: (Debug): Created image support for 'textures/nebulae/m071-hst.png'
000000004561: (Debug): No cmd given for 'textures/nebulae/m071-hst.png', creating uninitialized texture
000000004581: (Debug): Created image support for 'textures/nebulae/m072-hst.png'
000000004581: (Debug): No cmd given for 'textures/nebulae/m072-hst.png', creating uninitialized texture
000000004601: (Debug): Created image support for 'textures/nebulae/m073-aca.png'
000000004601: (Debug): No cmd given for 'textures/nebulae/m073-aca.png', creating uninitialized texture
000000004621: (Debug): Created image support for 'textures/nebulae/m074-antilhue.png'
000000004621: (Debug): No cmd given for 'textures/nebulae/m074-antilhue.png', creating uninitialized texture
000000004641: (Debug): Created image support for 'textures/nebulae/m075-hst.png'
000000004641: (Debug): No cmd given for 'textures/nebulae/m075-hst.png', creating uninitialized texture
000000004662: (Debug): Created image support for 'textures/nebulae/m076-block.png'
000000004662: (Debug): No cmd given for 'textures/nebulae/m076-block.png', creating uninitialized texture
000000004682: (Debug): Created image support for 'textures/nebulae/m077-adam_block.png'
000000004682: (Debug): No cmd given for 'textures/nebulae/m077-adam_block.png', creating uninitialized texture
000000004702: (Debug): Created image support for 'textures/nebulae/m078-hst.png'
000000004702: (Debug): No cmd given for 'textures/nebulae/m078-hst.png', creating uninitialized texture
000000004723: (Debug): Created image support for 'textures/nebulae/m079-hst.png'
000000004723: (Debug): No cmd given for 'textures/nebulae/m079-hst.png', creating uninitialized texture
000000004743: (Debug): Created image support for 'textures/nebulae/m080-hst.png'
000000004743: (Debug): No cmd given for 'textures/nebulae/m080-hst.png', creating uninitialized texture
000000004763: (Debug): Created image support for 'textures/nebulae/m081-rainer_zmaritsch.png'
000000004763: (Debug): No cmd given for 'textures/nebulae/m081-rainer_zmaritsch.png', creating uninitialized texture
000000004783: (Debug): Created image support for 'textures/nebulae/m083-hst.png'
000000004783: (Debug): No cmd given for 'textures/nebulae/m083-hst.png', creating uninitialized texture
000000004804: (Debug): Created image support for 'textures/nebulae/m084-noao.png'
000000004804: (Debug): No cmd given for 'textures/nebulae/m084-noao.png', creating uninitialized texture
000000004824: (Debug): Created image support for 'textures/nebulae/m085-sdss2.png'
000000004824: (Debug): No cmd given for 'textures/nebulae/m085-sdss2.png', creating uninitialized texture
000000004844: (Debug): Created image support for 'textures/nebulae/m086-noao.png'
000000004844: (Debug): No cmd given for 'textures/nebulae/m086-noao.png', creating uninitialized texture
000000004864: (Debug): Created image support for 'textures/nebulae/m087-hst.png'
000000004864: (Debug): No cmd given for 'textures/nebulae/m087-hst.png', creating uninitialized texture
000000004885: (Debug): Created image support for 'textures/nebulae/m088-j_schulman.png'
000000004885: (Debug): No cmd given for 'textures/nebulae/m088-j_schulman.png', creating uninitialized texture
000000004905: (Debug): Created image support for 'textures/nebulae/m089-sdss2.png'
000000004905: (Debug): No cmd given for 'textures/nebulae/m089-sdss2.png', creating uninitialized texture
000000004925: (Debug): Created image support for 'textures/nebulae/m090-sdss1.png'
000000004925: (Debug): No cmd given for 'textures/nebulae/m090-sdss1.png', creating uninitialized texture
000000004945: (Debug): Created image support for 'textures/nebulae/m091-sdss2.png'
000000004945: (Debug): No cmd given for 'textures/nebulae/m091-sdss2.png', creating uninitialized texture
000000004965: (Debug): Created image support for 'textures/nebulae/m092-sdss2.png'
000000004965: (Debug): No cmd given for 'textures/nebulae/m092-sdss2.png', creating uninitialized texture
000000004986: (Debug): Created image support for 'textures/nebulae/m093-aca.png'
000000004986: (Debug): No cmd given for 'textures/nebulae/m093-aca.png', creating uninitialized texture
000000005006: (Debug): Created image support for 'textures/nebulae/m094-sdss2.png'
000000005006: (Debug): No cmd given for 'textures/nebulae/m094-sdss2.png', creating uninitialized texture
000000005026: (Debug): Created image support for 'textures/nebulae/m095-hst.png'
000000005026: (Debug): No cmd given for 'textures/nebulae/m095-hst.png', creating uninitialized texture
000000005046: (Debug): Created image support for 'textures/nebulae/m096-hst.png'
000000005046: (Debug): No cmd given for 'textures/nebulae/m096-hst.png', creating uninitialized texture
000000005067: (Debug): Created image support for 'textures/nebulae/m097-centre_astro.png'
000000005067: (Debug): No cmd given for 'textures/nebulae/m097-centre_astro.png', creating uninitialized texture
000000005087: (Debug): Created image support for 'textures/nebulae/m098-sdss2.png'
000000005087: (Debug): No cmd given for 'textures/nebulae/m098-sdss2.png', creating uninitialized texture
000000005107: (Debug): Created image support for 'textures/nebulae/m099-adam_block.png'
000000005107: (Debug): No cmd given for 'textures/nebulae/m099-adam_block.png', creating uninitialized texture
000000005127: (Debug): Created image support for 'textures/nebulae/m100-sdss2.png'
000000005127: (Debug): No cmd given for 'textures/nebulae/m100-sdss2.png', creating uninitialized texture
000000005147: (Debug): Created image support for 'textures/nebulae/m101-hst.png'
000000005147: (Debug): No cmd given for 'textures/nebulae/m101-hst.png', creating uninitialized texture
000000005168: (Debug): Created image support for 'textures/nebulae/m102-hst.png'
000000005168: (Debug): No cmd given for 'textures/nebulae/m102-hst.png', creating uninitialized texture
000000005188: (Debug): Created image support for 'textures/nebulae/m103-aca.png'
000000005188: (Debug): No cmd given for 'textures/nebulae/m103-aca.png', creating uninitialized texture
000000005208: (Debug): Created image support for 'textures/nebulae/m104-hst.png'
000000005208: (Debug): No cmd given for 'textures/nebulae/m104-hst.png', creating uninitialized texture
000000005228: (Debug): Created image support for 'textures/nebulae/m105-aca.png'
000000005228: (Debug): No cmd given for 'textures/nebulae/m105-aca.png', creating uninitialized texture
000000005248: (Debug): Created image support for 'textures/nebulae/m106-adam_block.png'
000000005248: (Debug): No cmd given for 'textures/nebulae/m106-adam_block.png', creating uninitialized texture
000000005268: (Debug): Created image support for 'textures/nebulae/m107-hst.png'
000000005268: (Debug): No cmd given for 'textures/nebulae/m107-hst.png', creating uninitialized texture
000000005289: (Debug): Created image support for 'textures/nebulae/m108-adam_block.png'
000000005289: (Debug): No cmd given for 'textures/nebulae/m108-adam_block.png', creating uninitialized texture
000000005309: (Debug): Created image support for 'textures/nebulae/m109-adam_block.png'
000000005309: (Debug): No cmd given for 'textures/nebulae/m109-adam_block.png', creating uninitialized texture
000000005329: (Debug): Created image support for 'textures/nebulae/ngc0040-al_kelly.png'
000000005329: (Debug): No cmd given for 'textures/nebulae/ngc0040-al_kelly.png', creating uninitialized texture
000000005349: (Debug): Created image support for 'textures/nebulae/ngc0055-james_foster.png'
000000005349: (Debug): No cmd given for 'textures/nebulae/ngc0055-james_foster.png', creating uninitialized texture
000000005369: (Debug): Created image support for 'textures/nebulae/ngc0147-john_blackwell.png'
000000005369: (Debug): No cmd given for 'textures/nebulae/ngc0147-john_blackwell.png', creating uninitialized texture
000000005390: (Debug): Created image support for 'textures/nebulae/ngc0281-jacques_ardissone.png'
000000005390: (Debug): No cmd given for 'textures/nebulae/ngc0281-jacques_ardissone.png', creating uninitialized texture
000000005410: (Debug): Created image support for 'textures/nebulae/ngc0157-al_kelly.png'
000000005410: (Debug): No cmd given for 'textures/nebulae/ngc0157-al_kelly.png', creating uninitialized texture
000000005430: (Debug): Created image support for 'textures/nebulae/ngc0185-kunihiko_okano.png'
000000005430: (Debug): No cmd given for 'textures/nebulae/ngc0185-kunihiko_okano.png', creating uninitialized texture
000000005450: (Debug): Created image support for 'textures/nebulae/ngc0188-john_gretchen.png'
000000005450: (Debug): No cmd given for 'textures/nebulae/ngc0188-john_gretchen.png', creating uninitialized texture
000000005470: (Debug): Created image support for 'textures/nebulae/ngc0225-laurent_ferrero.png'
000000005470: (Debug): No cmd given for 'textures/nebulae/ngc0225-laurent_ferrero.png', creating uninitialized texture
000000005490: (Debug): Created image support for 'textures/nebulae/ngc0246-walter_mac_donald.png'
000000005490: (Debug): No cmd given for 'textures/nebulae/ngc0246-walter_mac_donald.png', creating uninitialized texture
000000005511: (Debug): Created image support for 'textures/nebulae/ngc0247-marc_cesarini.png'
000000005511: (Debug): No cmd given for 'textures/nebulae/ngc0247-marc_cesarini.png', creating uninitialized texture
000000005531: (Debug): Created image support for 'textures/nebulae/ngc0253-noao.png'
000000005531: (Debug): No cmd given for 'textures/nebulae/ngc0253-noao.png', creating uninitialized texture
000000005551: (Debug): Created image support for 'textures/nebulae/ngc0288-walter_mac_donald.png'
000000005551: (Debug): No cmd given for 'textures/nebulae/ngc0288-walter_mac_donald.png', creating uninitialized texture
000000005571: (Debug): Created image support for 'textures/nebulae/ngc0300-walter_mac_donald.png'
000000005571: (Debug): No cmd given for 'textures/nebulae/ngc0300-walter_mac_donald.png', creating uninitialized texture
000000005591: (Debug): Created image support for 'textures/nebulae/ngc0404-astroclub_aubagnais.png'
000000005591: (Debug): No cmd given for 'textures/nebulae/ngc0404-astroclub_aubagnais.png', creating uninitialized texture
000000005612: (Debug): Created image support for 'textures/nebulae/ngc0457-astroclub_aubagnais.png'
000000005612: (Debug): No cmd given for 'textures/nebulae/ngc0457-astroclub_aubagnais.png', creating uninitialized texture
000000005632: (Debug): Created image support for 'textures/nebulae/ngc0488-tom_carrico.png'
000000005632: (Debug): No cmd given for 'textures/nebulae/ngc0488-tom_carrico.png', creating uninitialized texture
000000005652: (Debug): Created image support for 'textures/nebulae/ngc0654-harald_strauss.png'
000000005652: (Debug): No cmd given for 'textures/nebulae/ngc0654-harald_strauss.png', creating uninitialized texture
000000005672: (Debug): Created image support for 'textures/nebulae/ngc0663-john_gretchen.png'
000000005672: (Debug): No cmd given for 'textures/nebulae/ngc0663-john_gretchen.png', creating uninitialized texture
000000005692: (Debug): Created image support for 'textures/nebulae/ngc0752-james_foster.png'
000000005692: (Debug): No cmd given for 'textures/nebulae/ngc0752-james_foster.png', creating uninitialized texture
000000005713: (Debug): Created image support for 'textures/nebulae/ngc0772-philipp_keller.png'
000000005713: (Debug): No cmd given for 'textures/nebulae/ngc0772-philipp_keller.png', creating uninitialized texture
000000005733: (Debug): Created image support for 'textures/nebulae/ngc0891-centre_astro.png'
000000005733: (Debug): No cmd given for 'textures/nebulae/ngc0891-centre_astro.png', creating uninitialized texture
000000005753: (Debug): Created image support for 'textures/nebulae/ngc0925-al_kelly.png'
000000005753: (Debug): No cmd given for 'textures/nebulae/ngc0925-al_kelly.png', creating uninitialized texture
000000005773: (Debug): Created image support for 'textures/nebulae/ngc0936-tom_carrico.png'
000000005773: (Debug): No cmd given for 'textures/nebulae/ngc0936-tom_carrico.png', creating uninitialized texture
000000005793: (Debug): Created image support for 'textures/nebulae/ngc1023-taku.png'
000000005793: (Debug): No cmd given for 'textures/nebulae/ngc1023-taku.png', creating uninitialized texture
000000005814: (Debug): Created image support for 'textures/nebulae/ngc1097-observatoire_des_makes.png'
000000005814: (Debug): No cmd given for 'textures/nebulae/ngc1097-observatoire_des_makes.png', creating uninitialized texture
000000005834: (Debug): Created image support for 'textures/nebulae/ngc1232-hst.png'
000000005834: (Debug): No cmd given for 'textures/nebulae/ngc1232-hst.png', creating uninitialized texture
000000005854: (Debug): Created image support for 'textures/nebulae/ngc1291-observatoire_des_makes.png'
000000005854: (Debug): No cmd given for 'textures/nebulae/ngc1291-observatoire_des_makes.png', creating uninitialized texture
000000005874: (Debug): Created image support for 'textures/nebulae/ngc1300-hst.png'
000000005874: (Debug): No cmd given for 'textures/nebulae/ngc1300-hst.png', creating uninitialized texture
000000005894: (Debug): Created image support for 'textures/nebulae/ngc1313-kunihiko_okano.png'
000000005894: (Debug): No cmd given for 'textures/nebulae/ngc1313-kunihiko_okano.png', creating uninitialized texture
000000005915: (Debug): Created image support for 'textures/nebulae/ngc1316-hst.png'
000000005915: (Debug): No cmd given for 'textures/nebulae/ngc1316-hst.png', creating uninitialized texture
000000005935: (Debug): Created image support for 'textures/nebulae/ngc1360-david_malin.png'
000000005935: (Debug): No cmd given for 'textures/nebulae/ngc1360-david_malin.png', creating uninitialized texture
000000005955: (Debug): Created image support for 'textures/nebulae/ngc1365.png'
000000005955: (Debug): No cmd given for 'textures/nebulae/ngc1365.png', creating uninitialized texture
000000005975: (Debug): Created image support for 'textures/nebulae/ngc1399-janet_cutler.png'
000000005975: (Debug): No cmd given for 'textures/nebulae/ngc1399-janet_cutler.png', creating uninitialized texture
000000005996: (Debug): Created image support for 'textures/nebulae/ngc1433-steven_juchnowski.png'
000000005996: (Debug): No cmd given for 'textures/nebulae/ngc1433-steven_juchnowski.png', creating uninitialized texture
000000006016: (Debug): Created image support for 'textures/nebulae/ngc1499-jacques_ardissone.png'
000000006016: (Debug): No cmd given for 'textures/nebulae/ngc1499-jacques_ardissone.png', creating uninitialized texture
000000006036: (Debug): Created image support for 'textures/nebulae/ngc1501-stephane_dumont.png'
000000006036: (Debug): No cmd given for 'textures/nebulae/ngc1501-stephane_dumont.png', creating uninitialized texture
000000006056: (Debug): Created image support for 'textures/nebulae/ngc1514-taku.png'
000000006056: (Debug): No cmd given for 'textures/nebulae/ngc1514-taku.png', creating uninitialized texture
000000006076: (Debug): Created image support for 'textures/nebulae/ngc1528-laurent_ferrero.png'
000000006076: (Debug): No cmd given for 'textures/nebulae/ngc1528-laurent_ferrero.png', creating uninitialized texture
000000006097: (Debug): Created image support for 'textures/nebulae/ngc1532-steven_juchnowski.png'
000000006097: (Debug): No cmd given for 'textures/nebulae/ngc1532-steven_juchnowski.png', creating uninitialized texture
000000006117: (Debug): Created image support for 'textures/nebulae/ngc1535-al_kelly.png'
000000006117: (Debug): No cmd given for 'textures/nebulae/ngc1535-al_kelly.png', creating uninitialized texture
000000006137: (Debug): Created image support for 'textures/nebulae/ngc1553-49-observatoire_des_makes.png'
000000006137: (Debug): No cmd given for 'textures/nebulae/ngc1553-49-observatoire_des_makes.png', creating uninitialized texture
000000006157: (Debug): Created image support for 'textures/nebulae/ngc1566-steven_juchnowski.png'
000000006157: (Debug): No cmd given for 'textures/nebulae/ngc1566-steven_juchnowski.png', creating uninitialized texture
000000006177: (Debug): Created image support for 'textures/nebulae/ngc1647-laurent_ferrero.png'
000000006177: (Debug): No cmd given for 'textures/nebulae/ngc1647-laurent_ferrero.png', creating uninitialized texture
000000006198: (Debug): Created image support for 'textures/nebulae/ngc1788-eso.png'
000000006198: (Debug): No cmd given for 'textures/nebulae/ngc1788-eso.png', creating uninitialized texture
000000006218: (Debug): Created image support for 'textures/nebulae/ngc1792-steven_juchnowski.png'
000000006218: (Debug): No cmd given for 'textures/nebulae/ngc1792-steven_juchnowski.png', creating uninitialized texture
000000006238: (Debug): Created image support for 'textures/nebulae/ngc1808-steven_juchnowski.png'
000000006238: (Debug): No cmd given for 'textures/nebulae/ngc1808-steven_juchnowski.png', creating uninitialized texture
000000006259: (Debug): Created image support for 'textures/nebulae/ngc1851-walter_mac_donald.png'
000000006259: (Debug): No cmd given for 'textures/nebulae/ngc1851-walter_mac_donald.png', creating uninitialized texture
000000006279: (Debug): Created image support for 'textures/nebulae/ngc1893-andreas_masche.png'
000000006279: (Debug): No cmd given for 'textures/nebulae/ngc1893-andreas_masche.png', creating uninitialized texture
000000006299: (Debug): Created image support for 'textures/nebulae/ngc1907-pedro_re.png'
000000006299: (Debug): No cmd given for 'textures/nebulae/ngc1907-pedro_re.png', creating uninitialized texture
000000006319: (Debug): Created image support for 'textures/nebulae/ngc1999-chris_schur.png'
000000006319: (Debug): No cmd given for 'textures/nebulae/ngc1999-chris_schur.png', creating uninitialized texture
000000006340: (Debug): Created image support for 'textures/nebulae/ngc2070-kunihiko_okano.png'
000000006340: (Debug): No cmd given for 'textures/nebulae/ngc2070-kunihiko_okano.png', creating uninitialized texture
000000006360: (Debug): Created image support for 'textures/nebulae/ngc2158-chris_schur.png'
000000006360: (Debug): No cmd given for 'textures/nebulae/ngc2158-chris_schur.png', creating uninitialized texture
000000006380: (Debug): Created image support for 'textures/nebulae/ngc2174-5-andreas_masche.png'
000000006380: (Debug): No cmd given for 'textures/nebulae/ngc2174-5-andreas_masche.png', creating uninitialized texture
000000006400: (Debug): Created image support for 'textures/nebulae/ngc2244-eric_courcier.png'
000000006400: (Debug): No cmd given for 'textures/nebulae/ngc2244-eric_courcier.png', creating uninitialized texture
000000006421: (Debug): Created image support for 'textures/nebulae/ngc2261-hst.png'
000000006421: (Debug): No cmd given for 'textures/nebulae/ngc2261-hst.png', creating uninitialized texture
000000006441: (Debug): Created image support for 'textures/nebulae/ngc2264-eric_courcier.png'
000000006441: (Debug): No cmd given for 'textures/nebulae/ngc2264-eric_courcier.png', creating uninitialized texture
000000006461: (Debug): Created image support for 'textures/nebulae/ngc2359-james_foster.png'
000000006461: (Debug): No cmd given for 'textures/nebulae/ngc2359-james_foster.png', creating uninitialized texture
000000006481: (Debug): Created image support for 'textures/nebulae/ngc2360-pedro_re.png'
000000006481: (Debug): No cmd given for 'textures/nebulae/ngc2360-pedro_re.png', creating uninitialized texture
000000006501: (Debug): Created image support for 'textures/nebulae/ngc2362-chris_schur.png'
000000006501: (Debug): No cmd given for 'textures/nebulae/ngc2362-chris_schur.png', creating uninitialized texture
000000006521: (Debug): Created image support for 'textures/nebulae/ngc2371-2-philipp_keller.png'
000000006521: (Debug): No cmd given for 'textures/nebulae/ngc2371-2-philipp_keller.png', creating uninitialized texture
000000006542: (Debug): Created image support for 'textures/nebulae/ngc2392-hst.png'
000000006542: (Debug): No cmd given for 'textures/nebulae/ngc2392-hst.png', creating uninitialized texture
000000006562: (Debug): Created image support for 'textures/nebulae/ngc2403-centre_astro.png'
000000006562: (Debug): No cmd given for 'textures/nebulae/ngc2403-centre_astro.png', creating uninitialized texture
000000006582: (Debug): Created image support for 'textures/nebulae/ngc2419-chris_schur.png'
000000006582: (Debug): No cmd given for 'textures/nebulae/ngc2419-chris_schur.png', creating uninitialized texture
000000006602: (Debug): Created image support for 'textures/nebulae/ngc2420-pedro_re.png'
000000006602: (Debug): No cmd given for 'textures/nebulae/ngc2420-pedro_re.png', creating uninitialized texture
000000006622: (Debug): Created image support for 'textures/nebulae/ngc2438-stephane_dumont.png'
000000006622: (Debug): No cmd given for 'textures/nebulae/ngc2438-stephane_dumont.png', creating uninitialized texture
000000006642: (Debug): Created image support for 'textures/nebulae/ngc2440-kunihiko_okano.png'
000000006642: (Debug): No cmd given for 'textures/nebulae/ngc2440-kunihiko_okano.png', creating uninitialized texture
000000006662: (Debug): Created image support for 'textures/nebulae/ngc2442-steven_juchnowski.png'
000000006662: (Debug): No cmd given for 'textures/nebulae/ngc2442-steven_juchnowski.png', creating uninitialized texture
000000006683: (Debug): Created image support for 'textures/nebulae/ngc2467-steven_juchnowski.png'
000000006683: (Debug): No cmd given for 'textures/nebulae/ngc2467-steven_juchnowski.png', creating uninitialized texture
000000006703: (Debug): Created image support for 'textures/nebulae/ngc2477-naoyuki_kurita.png'
000000006703: (Debug): No cmd given for 'textures/nebulae/ngc2477-naoyuki_kurita.png', creating uninitialized texture
000000006723: (Debug): Created image support for 'textures/nebulae/ngc2613-steven_juchnowski.png'
000000006723: (Debug): No cmd given for 'textures/nebulae/ngc2613-steven_juchnowski.png', creating uninitialized texture
000000006743: (Debug): Created image support for 'textures/nebulae/ngc2655-dss_aura_stsci.png'
000000006743: (Debug): No cmd given for 'textures/nebulae/ngc2655-dss_aura_stsci.png', creating uninitialized texture
000000006763: (Debug): Created image support for 'textures/nebulae/ngc2681-harald_strauss.png'
000000006763: (Debug): No cmd given for 'textures/nebulae/ngc2681-harald_strauss.png', creating uninitialized texture
000000006783: (Debug): Created image support for 'textures/nebulae/ngc2683-philipp_keller.png'
000000006783: (Debug): No cmd given for 'textures/nebulae/ngc2683-philipp_keller.png', creating uninitialized texture
000000006804: (Debug): Created image support for 'textures/nebulae/ngc2768-harald_strauss.png'
000000006804: (Debug): No cmd given for 'textures/nebulae/ngc2768-harald_strauss.png', creating uninitialized texture
000000006824: (Debug): Created image support for 'textures/nebulae/ngc2775-philipp_keller.png'
000000006824: (Debug): No cmd given for 'textures/nebulae/ngc2775-philipp_keller.png', creating uninitialized texture
000000006844: (Debug): Created image support for 'textures/nebulae/ngc2784-observatoire_des_makes.png'
000000006844: (Debug): No cmd given for 'textures/nebulae/ngc2784-observatoire_des_makes.png', creating uninitialized texture
000000006864: (Debug): Created image support for 'textures/nebulae/ngc2808-steven_juchnowski.png'
000000006864: (Debug): No cmd given for 'textures/nebulae/ngc2808-steven_juchnowski.png', creating uninitialized texture
000000006884: (Debug): Created image support for 'textures/nebulae/ngc2818-james_foster.png'
000000006884: (Debug): No cmd given for 'textures/nebulae/ngc2818-james_foster.png', creating uninitialized texture
000000006905: (Debug): Created image support for 'textures/nebulae/ngc2841-kunihiko_okano.png'
000000006905: (Debug): No cmd given for 'textures/nebulae/ngc2841-kunihiko_okano.png', creating uninitialized texture
000000006925: (Debug): Created image support for 'textures/nebulae/ngc2903-kunihiko_okano.png'
000000006925: (Debug): No cmd given for 'textures/nebulae/ngc2903-kunihiko_okano.png', creating uninitialized texture
000000006945: (Debug): Created image support for 'textures/nebulae/ngc2976-james_foster_.png'
000000006945: (Debug): No cmd given for 'textures/nebulae/ngc2976-james_foster_.png', creating uninitialized texture
000000006965: (Debug): Created image support for 'textures/nebulae/ngc2997-steven_juchnowski.png'
000000006965: (Debug): No cmd given for 'textures/nebulae/ngc2997-steven_juchnowski.png', creating uninitialized texture
000000006985: (Debug): Created image support for 'textures/nebulae/ngc3077-harald_strauss.png'
000000006985: (Debug): No cmd given for 'textures/nebulae/ngc3077-harald_strauss.png', creating uninitialized texture
000000007006: (Debug): Created image support for 'textures/nebulae/ngc3109-steven_juchnowski.png'
000000007006: (Debug): No cmd given for 'textures/nebulae/ngc3109-steven_juchnowski.png', creating uninitialized texture
000000007026: (Debug): Created image support for 'textures/nebulae/ngc3114-david_malin.png'
000000007026: (Debug): No cmd given for 'textures/nebulae/ngc3114-david_malin.png', creating uninitialized texture
000000007046: (Debug): Created image support for 'textures/nebulae/ngc3115-chris_schur.png'
000000007046: (Debug): No cmd given for 'textures/nebulae/ngc3115-chris_schur.png', creating uninitialized texture
000000007066: (Debug): Created image support for 'textures/nebulae/ngc3132-hst.png'
000000007066: (Debug): No cmd given for 'textures/nebulae/ngc3132-hst.png', creating uninitialized texture
000000007087: (Debug): Created image support for 'textures/nebulae/ngc3184-al_kelly.png'
000000007087: (Debug): No cmd given for 'textures/nebulae/ngc3184-al_kelly.png', creating uninitialized texture
000000007107: (Debug): Created image support for 'textures/nebulae/ngc3190-hst.png'
000000007107: (Debug): No cmd given for 'textures/nebulae/ngc3190-hst.png', creating uninitialized texture
000000007127: (Debug): Created image support for 'textures/nebulae/ngc3198-taku.png'
000000007127: (Debug): No cmd given for 'textures/nebulae/ngc3198-taku.png', creating uninitialized texture
000000007147: (Debug): Created image support for 'textures/nebulae/ngc3201-david_malin.png'
000000007147: (Debug): No cmd given for 'textures/nebulae/ngc3201-david_malin.png', creating uninitialized texture
000000007167: (Debug): Created image support for 'textures/nebulae/ngc3226-7-pedro_re.png'
000000007167: (Debug): No cmd given for 'textures/nebulae/ngc3226-7-pedro_re.png', creating uninitialized texture
000000007188: (Debug): Created image support for 'textures/nebulae/ngc3242-al_kelly.png'
000000007188: (Debug): No cmd given for 'textures/nebulae/ngc3242-al_kelly.png', creating uninitialized texture
000000007208: (Debug): Created image support for 'textures/nebulae/ngc3293-janet_cutler.png'
000000007208: (Debug): No cmd given for 'textures/nebulae/ngc3293-janet_cutler.png', creating uninitialized texture
000000007228: (Debug): Created image support for 'textures/nebulae/ngc3344-pedro_re.png'
000000007228: (Debug): No cmd given for 'textures/nebulae/ngc3344-pedro_re.png', creating uninitialized texture
000000007248: (Debug): Created image support for 'textures/nebulae/ngc3372-jacques_ardissone.png'
000000007248: (Debug): No cmd given for 'textures/nebulae/ngc3372-jacques_ardissone.png', creating uninitialized texture
000000007268: (Debug): Created image support for 'textures/nebulae/ngc3377-pedro_re.png'
000000007268: (Debug): No cmd given for 'textures/nebulae/ngc3377-pedro_re.png', creating uninitialized texture
000000007288: (Debug): Created image support for 'textures/nebulae/ngc3521-steven_juchnowski.png'
000000007288: (Debug): No cmd given for 'textures/nebulae/ngc3521-steven_juchnowski.png', creating uninitialized texture
000000007309: (Debug): Created image support for 'textures/nebulae/ngc3585-observatoire_des_makes.png'
000000007309: (Debug): No cmd given for 'textures/nebulae/ngc3585-observatoire_des_makes.png', creating uninitialized texture
000000007329: (Debug): Created image support for 'textures/nebulae/ngc3607-marc_cesarini.png'
000000007329: (Debug): No cmd given for 'textures/nebulae/ngc3607-marc_cesarini.png', creating uninitialized texture
000000007349: (Debug): Created image support for 'textures/nebulae/ngc3621-steven_juchnowski.png'
000000007349: (Debug): No cmd given for 'textures/nebulae/ngc3621-steven_juchnowski.png', creating uninitialized texture
000000007369: (Debug): Created image support for 'textures/nebulae/ngc3631-taku.png'
000000007369: (Debug): No cmd given for 'textures/nebulae/ngc3631-taku.png', creating uninitialized texture
000000007389: (Debug): Created image support for 'textures/nebulae/ngc3726-taku.png'
000000007389: (Debug): No cmd given for 'textures/nebulae/ngc3726-taku.png', creating uninitialized texture
000000007410: (Debug): Created image support for 'textures/nebulae/ngc3750-james_foster.png'
000000007410: (Debug): No cmd given for 'textures/nebulae/ngc3750-james_foster.png', creating uninitialized texture
000000007430: (Debug): Created image support for 'textures/nebulae/ngc3766-janet_cutler.png'
000000007430: (Debug): No cmd given for 'textures/nebulae/ngc3766-janet_cutler.png', creating uninitialized texture
000000007450: (Debug): Created image support for 'textures/nebulae/ngc3918-hst.png'
000000007450: (Debug): No cmd given for 'textures/nebulae/ngc3918-hst.png', creating uninitialized texture
000000007470: (Debug): Created image support for 'textures/nebulae/ngc3953-chris_schur.png'
000000007470: (Debug): No cmd given for 'textures/nebulae/ngc3953-chris_schur.png', creating uninitialized texture
000000007491: (Debug): Created image support for 'textures/nebulae/ngc4038-steven_juchnowski.png'
000000007491: (Debug): No cmd given for 'textures/nebulae/ngc4038-steven_juchnowski.png', creating uninitialized texture
000000007511: (Debug): Created image support for 'textures/nebulae/ngc4051-taku.png'
000000007511: (Debug): No cmd given for 'textures/nebulae/ngc4051-taku.png', creating uninitialized texture
000000007531: (Debug): Created image support for 'textures/nebulae/ngc4103-observatoire_des_makes.png'
000000007531: (Debug): No cmd given for 'textures/nebulae/ngc4103-observatoire_des_makes.png', creating uninitialized texture
000000007551: (Debug): Created image support for 'textures/nebulae/ngc4214-taku.png'
000000007551: (Debug): No cmd given for 'textures/nebulae/ngc4214-taku.png', creating uninitialized texture
000000007571: (Debug): Created image support for 'textures/nebulae/ngc4216-tom_carrico.png'
000000007571: (Debug): No cmd given for 'textures/nebulae/ngc4216-tom_carrico.png', creating uninitialized texture
000000007592: (Debug): Created image support for 'textures/nebulae/ngc4236-al_kelly.png'
000000007592: (Debug): No cmd given for 'textures/nebulae/ngc4236-al_kelly.png', creating uninitialized texture
000000007612: (Debug): Created image support for 'textures/nebulae/ngc4244-taku.png'
000000007612: (Debug): No cmd given for 'textures/nebulae/ngc4244-taku.png', creating uninitialized texture
000000007632: (Debug): Created image support for 'textures/nebulae/ngc4361-steven_juchnowski.png'
000000007632: (Debug): No cmd given for 'textures/nebulae/ngc4361-steven_juchnowski.png', creating uninitialized texture
000000007652: (Debug): Created image support for 'textures/nebulae/ngc4372-observatoire_des_makes.png'
000000007652: (Debug): No cmd given for 'textures/nebulae/ngc4372-observatoire_des_makes.png', creating uninitialized texture
000000007672: (Debug): Created image support for 'textures/nebulae/ngc4395-chris_schur.png'
000000007672: (Debug): No cmd given for 'textures/nebulae/ngc4395-chris_schur.png', creating uninitialized texture
000000007693: (Debug): Created image support for 'textures/nebulae/ngc4414-hst.png'
000000007693: (Debug): No cmd given for 'textures/nebulae/ngc4414-hst.png', creating uninitialized texture
000000007713: (Debug): Created image support for 'textures/nebulae/ngc4429-pedro_re.png'
000000007713: (Debug): No cmd given for 'textures/nebulae/ngc4429-pedro_re.png', creating uninitialized texture
000000007733: (Debug): Created image support for 'textures/nebulae/ngc4435-8-philipp_keller.png'
000000007733: (Debug): No cmd given for 'textures/nebulae/ngc4435-8-philipp_keller.png', creating uninitialized texture
000000007753: (Debug): Created image support for 'textures/nebulae/ngc4449-taku.png'
000000007753: (Debug): No cmd given for 'textures/nebulae/ngc4449-taku.png', creating uninitialized texture
000000007773: (Debug): Created image support for 'textures/nebulae/ngc4450-pedro_re.png'
000000007773: (Debug): No cmd given for 'textures/nebulae/ngc4450-pedro_re.png', creating uninitialized texture
000000007793: (Debug): Created image support for 'textures/nebulae/ngc4490-chris_schur.png'
000000007793: (Debug): No cmd given for 'textures/nebulae/ngc4490-chris_schur.png', creating uninitialized texture
000000007814: (Debug): Created image support for 'textures/nebulae/ngc4494-pedro_re.png'
000000007814: (Debug): No cmd given for 'textures/nebulae/ngc4494-pedro_re.png', creating uninitialized texture
000000007834: (Debug): Created image support for 'textures/nebulae/ngc4517-al_kelly.png'
000000007834: (Debug): No cmd given for 'textures/nebulae/ngc4517-al_kelly.png', creating uninitialized texture
000000007854: (Debug): Created image support for 'textures/nebulae/ngc4526-pedro_re.png'
000000007854: (Debug): No cmd given for 'textures/nebulae/ngc4526-pedro_re.png', creating uninitialized texture
000000007874: (Debug): Created image support for 'textures/nebulae/ngc4535-james_foster.png'
000000007874: (Debug): No cmd given for 'textures/nebulae/ngc4535-james_foster.png', creating uninitialized texture
000000007894: (Debug): Created image support for 'textures/nebulae/ngc4559-al_kelly.png'
000000007894: (Debug): No cmd given for 'textures/nebulae/ngc4559-al_kelly.png', creating uninitialized texture
000000007914: (Debug): Created image support for 'textures/nebulae/ngc4565.png'
000000007914: (Debug): No cmd given for 'textures/nebulae/ngc4565.png', creating uninitialized texture
000000007935: (Debug): Created image support for 'textures/nebulae/ngc4567-8-michel_peyro.png'
000000007935: (Debug): No cmd given for 'textures/nebulae/ngc4567-8-michel_peyro.png', creating uninitialized texture
000000007955: (Debug): Created image support for 'textures/nebulae/ngc4605-pedro_re.png'
000000007955: (Debug): No cmd given for 'textures/nebulae/ngc4605-pedro_re.png', creating uninitialized texture
000000007975: (Debug): Created image support for 'textures/nebulae/ngc4631-chris_schur.png'
000000007975: (Debug): No cmd given for 'textures/nebulae/ngc4631-chris_schur.png', creating uninitialized texture
000000007996: (Debug): Created image support for 'textures/nebulae/ngc4636-pedro_re.png'
000000007996: (Debug): No cmd given for 'textures/nebulae/ngc4636-pedro_re.png', creating uninitialized texture
000000008016: (Debug): Created image support for 'textures/nebulae/ngc4656-7-chris_schur.png'
000000008016: (Debug): No cmd given for 'textures/nebulae/ngc4656-7-chris_schur.png', creating uninitialized texture
000000008036: (Debug): Created image support for 'textures/nebulae/ngc4697-steven_juchnowski.png'
000000008036: (Debug): No cmd given for 'textures/nebulae/ngc4697-steven_juchnowski.png', creating uninitialized texture
000000008056: (Debug): Created image support for 'textures/nebulae/ngc4699-pedro_re.png'
000000008056: (Debug): No cmd given for 'textures/nebulae/ngc4699-pedro_re.png', creating uninitialized texture
000000008076: (Debug): Created image support for 'textures/nebulae/ngc4725-philipp_keller.png'
000000008076: (Debug): No cmd given for 'textures/nebulae/ngc4725-philipp_keller.png', creating uninitialized texture
000000008096: (Debug): Created image support for 'textures/nebulae/ngc4753-observatoire_des_makes.png'
000000008096: (Debug): No cmd given for 'textures/nebulae/ngc4753-observatoire_des_makes.png', creating uninitialized texture
000000008117: (Debug): Created image support for 'textures/nebulae/ngc4755-jacques_ardissone.png'
000000008117: (Debug): No cmd given for 'textures/nebulae/ngc4755-jacques_ardissone.png', creating uninitialized texture
000000008137: (Debug): Created image support for 'textures/nebulae/ngc4762-pedro_re.png'
000000008137: (Debug): No cmd given for 'textures/nebulae/ngc4762-pedro_re.png', creating uninitialized texture
000000008157: (Debug): Created image support for 'textures/nebulae/ngc4833-observatoire_des_makes.png'
000000008157: (Debug): No cmd given for 'textures/nebulae/ngc4833-observatoire_des_makes.png', creating uninitialized texture
000000008177: (Debug): Created image support for 'textures/nebulae/ngc4945-janet_cutler.png'
000000008177: (Debug): No cmd given for 'textures/nebulae/ngc4945-janet_cutler.png', creating uninitialized texture
000000008198: (Debug): Created image support for 'textures/nebulae/ngc5005-taku.png'
000000008198: (Debug): No cmd given for 'textures/nebulae/ngc5005-taku.png', creating uninitialized texture
000000008218: (Debug): Created image support for 'textures/nebulae/ngc5102-steve_crouch.png'
000000008218: (Debug): No cmd given for 'textures/nebulae/ngc5102-steve_crouch.png', creating uninitialized texture
000000008238: (Debug): Created image support for 'textures/nebulae/ngc5128.png'
000000008238: (Debug): No cmd given for 'textures/nebulae/ngc5128.png', creating uninitialized texture
000000008258: (Debug): Created image support for 'textures/nebulae/ngc5139-jacques_ardissone.png'
000000008258: (Debug): No cmd given for 'textures/nebulae/ngc5139-jacques_ardissone.png', creating uninitialized texture
000000008279: (Debug): Created image support for 'textures/nebulae/ngc5189-steven_juchnowski.png'
000000008279: (Debug): No cmd given for 'textures/nebulae/ngc5189-steven_juchnowski.png', creating uninitialized texture
000000008299: (Debug): Created image support for 'textures/nebulae/ngc5248-pedro_re.png'
000000008299: (Debug): No cmd given for 'textures/nebulae/ngc5248-pedro_re.png', creating uninitialized texture
000000008319: (Debug): Created image support for 'textures/nebulae/ngc5286-janet_cutler.png'
000000008319: (Debug): No cmd given for 'textures/nebulae/ngc5286-janet_cutler.png', creating uninitialized texture
000000008339: (Debug): Created image support for 'textures/nebulae/ngc5466-naoyuki_kurita.png'
000000008339: (Debug): No cmd given for 'textures/nebulae/ngc5466-naoyuki_kurita.png', creating uninitialized texture
000000008360: (Debug): Created image support for 'textures/nebulae/ngc5634-chris_schur.png'
000000008360: (Debug): No cmd given for 'textures/nebulae/ngc5634-chris_schur.png', creating uninitialized texture
000000008380: (Debug): Created image support for 'textures/nebulae/ngc5746-al_kelly.png'
000000008380: (Debug): No cmd given for 'textures/nebulae/ngc5746-al_kelly.png', creating uninitialized texture
000000008400: (Debug): Created image support for 'textures/nebulae/ngc5846-chris_schur.png'
000000008400: (Debug): No cmd given for 'textures/nebulae/ngc5846-chris_schur.png', creating uninitialized texture
000000008420: (Debug): Created image support for 'textures/nebulae/ngc5897-naoyuki_kurita.png'
000000008420: (Debug): No cmd given for 'textures/nebulae/ngc5897-naoyuki_kurita.png', creating uninitialized texture
000000008441: (Debug): Created image support for 'textures/nebulae/ngc5907-michel_peyro.png'
000000008441: (Debug): No cmd given for 'textures/nebulae/ngc5907-michel_peyro.png', creating uninitialized texture
000000008461: (Debug): Created image support for 'textures/nebulae/ngc5927-observatoire_des_makes.png'
000000008461: (Debug): No cmd given for 'textures/nebulae/ngc5927-observatoire_des_makes.png', creating uninitialized texture
000000008481: (Debug): Created image support for 'textures/nebulae/ngc5986-steven_juchnowski.png'
000000008481: (Debug): No cmd given for 'textures/nebulae/ngc5986-steven_juchnowski.png', creating uninitialized texture
000000008501: (Debug): Created image support for 'textures/nebulae/ngc6027-al_kelly.png'
000000008501: (Debug): No cmd given for 'textures/nebulae/ngc6027-al_kelly.png', creating uninitialized texture
000000008521: (Debug): Created image support for 'textures/nebulae/ngc6067-observatoire_des_makes.png'
000000008521: (Debug): No cmd given for 'textures/nebulae/ngc6067-observatoire_des_makes.png', creating uninitialized texture
000000008542: (Debug): Created image support for 'textures/nebulae/ngc6124-observatoire_des_makes.png'
000000008542: (Debug): No cmd given for 'textures/nebulae/ngc6124-observatoire_des_makes.png', creating uninitialized texture
000000008562: (Debug): Created image support for 'textures/nebulae/ngc0613-al_kelly_.png'
000000008562: (Debug): No cmd given for 'textures/nebulae/ngc0613-al_kelly_.png', creating uninitialized texture
000000008582: (Debug): Created image support for 'textures/nebulae/ngc6164-5-kunihiko_okano.png'
000000008582: (Debug): No cmd given for 'textures/nebulae/ngc6164-5-kunihiko_okano.png', creating uninitialized texture
000000008602: (Debug): Created image support for 'textures/nebulae/ngc6188-philipp_keller.png'
000000008602: (Debug): No cmd given for 'textures/nebulae/ngc6188-philipp_keller.png', creating uninitialized texture
000000008622: (Debug): Created image support for 'textures/nebulae/ngc6210-philipp_keller.png'
000000008623: (Debug): No cmd given for 'textures/nebulae/ngc6210-philipp_keller.png', creating uninitialized texture
000000008643: (Debug): Created image support for 'textures/nebulae/ngc6221-steven_juchnowski.png'
000000008643: (Debug): No cmd given for 'textures/nebulae/ngc6221-steven_juchnowski.png', creating uninitialized texture
000000008663: (Debug): Created image support for 'textures/nebulae/ngc6229-walter_mac_donald.png'
000000008663: (Debug): No cmd given for 'textures/nebulae/ngc6229-walter_mac_donald.png', creating uninitialized texture
000000008683: (Debug): Created image support for 'textures/nebulae/ngc6293-pedro_re.png'
000000008683: (Debug): No cmd given for 'textures/nebulae/ngc6293-pedro_re.png', creating uninitialized texture
000000008703: (Debug): Created image support for 'textures/nebulae/ngc6302-chris_schur.png'
000000008703: (Debug): No cmd given for 'textures/nebulae/ngc6302-chris_schur.png', creating uninitialized texture
000000008723: (Debug): Created image support for 'textures/nebulae/ngc6334-george_greaney.png'
000000008723: (Debug): No cmd given for 'textures/nebulae/ngc6334-george_greaney.png', creating uninitialized texture
000000008744: (Debug): Created image support for 'textures/nebulae/ngc6362-observatoire_des_makes.png'
000000008744: (Debug): No cmd given for 'textures/nebulae/ngc6362-observatoire_des_makes.png', creating uninitialized texture
000000008764: (Debug): Created image support for 'textures/nebulae/ngc6388-janet_cutler.png'
000000008764: (Debug): No cmd given for 'textures/nebulae/ngc6388-janet_cutler.png', creating uninitialized texture
000000008784: (Debug): Created image support for 'textures/nebulae/ngc6397-jacques_ardissone.png'
000000008784: (Debug): No cmd given for 'textures/nebulae/ngc6397-jacques_ardissone.png', creating uninitialized texture
000000008804: (Debug): Created image support for 'textures/nebulae/ngc6441-observatoire_des_makes.png'
000000008804: (Debug): No cmd given for 'textures/nebulae/ngc6441-observatoire_des_makes.png', creating uninitialized texture
000000008824: (Debug): Created image support for 'textures/nebulae/ngc6520-philipp_keller.png'
000000008824: (Debug): No cmd given for 'textures/nebulae/ngc6520-philipp_keller.png', creating uninitialized texture
000000008844: (Debug): Created image support for 'textures/nebulae/ngc6522-pedro_re.png'
000000008845: (Debug): No cmd given for 'textures/nebulae/ngc6522-pedro_re.png', creating uninitialized texture
000000008865: (Debug): Created image support for 'textures/nebulae/ngc6541-steven_juchnowski.png'
000000008865: (Debug): No cmd given for 'textures/nebulae/ngc6541-steven_juchnowski.png', creating uninitialized texture
000000008885: (Debug): Created image support for 'textures/nebulae/ngc6543-chris_schur.png'
000000008885: (Debug): No cmd given for 'textures/nebulae/ngc6543-chris_schur.png', creating uninitialized texture
000000008905: (Debug): Created image support for 'textures/nebulae/ngc6544-laurent_ferrero.png'
000000008905: (Debug): No cmd given for 'textures/nebulae/ngc6544-laurent_ferrero.png', creating uninitialized texture
000000008925: (Debug): Created image support for 'textures/nebulae/ngc6553-laurent_ferrero.png'
000000008925: (Debug): No cmd given for 'textures/nebulae/ngc6553-laurent_ferrero.png', creating uninitialized texture
000000008945: (Debug): Created image support for 'textures/nebulae/ngc6572-naoyuki_kurita.png'
000000008945: (Debug): No cmd given for 'textures/nebulae/ngc6572-naoyuki_kurita.png', creating uninitialized texture
000000008966: (Debug): Created image support for 'textures/nebulae/ngc6624-pedro_re.png'
000000008966: (Debug): No cmd given for 'textures/nebulae/ngc6624-pedro_re.png', creating uninitialized texture
000000008986: (Debug): Created image support for 'textures/nebulae/ngc6664-laurent_ferrero.png'
000000008986: (Debug): No cmd given for 'textures/nebulae/ngc6664-laurent_ferrero.png', creating uninitialized texture
000000009006: (Debug): Created image support for 'textures/nebulae/ngc6709-laurent_ferrero.png'
000000009006: (Debug): No cmd given for 'textures/nebulae/ngc6709-laurent_ferrero.png', creating uninitialized texture
000000009026: (Debug): Created image support for 'textures/nebulae/ngc6712-pedro_re.png'
000000009026: (Debug): No cmd given for 'textures/nebulae/ngc6712-pedro_re.png', creating uninitialized texture
000000009046: (Debug): Created image support for 'textures/nebulae/ngc6723-david_malin.png'
000000009046: (Debug): No cmd given for 'textures/nebulae/ngc6723-david_malin.png', creating uninitialized texture
000000009067: (Debug): Created image support for 'textures/nebulae/ngc6726-george_greaney.png'
000000009067: (Debug): No cmd given for 'textures/nebulae/ngc6726-george_greaney.png', creating uninitialized texture
000000009087: (Debug): Created image support for 'textures/nebulae/ngc6744-andreas_masche.png'
000000009087: (Debug): No cmd given for 'textures/nebulae/ngc6744-andreas_masche.png', creating uninitialized texture
000000009107: (Debug): Created image support for 'textures/nebulae/ngc6752-jacques_ardissone.png'
000000009107: (Debug): No cmd given for 'textures/nebulae/ngc6752-jacques_ardissone.png', creating uninitialized texture
000000009127: (Debug): Created image support for 'textures/nebulae/ngc6781-stephane_dumont.png'
000000009127: (Debug): No cmd given for 'textures/nebulae/ngc6781-stephane_dumont.png', creating uninitialized texture
000000009147: (Debug): Created image support for 'textures/nebulae/ngc6811-laurent_ferrero.png'
000000009147: (Debug): No cmd given for 'textures/nebulae/ngc6811-laurent_ferrero.png', creating uninitialized texture
000000009167: (Debug): Created image support for 'textures/nebulae/ngc6818-steven_juchnowski.png'
000000009167: (Debug): No cmd given for 'textures/nebulae/ngc6818-steven_juchnowski.png', creating uninitialized texture
000000009188: (Debug): Created image support for 'textures/nebulae/ngc6820-3-andreas_masche.png'
000000009188: (Debug): No cmd given for 'textures/nebulae/ngc6820-3-andreas_masche.png', creating uninitialized texture
000000009208: (Debug): Created image support for 'textures/nebulae/ngc6822-james_foster.png'
000000009208: (Debug): No cmd given for 'textures/nebulae/ngc6822-james_foster.png', creating uninitialized texture
000000009228: (Debug): Created image support for 'textures/nebulae/ngc6826-hst.png'
000000009228: (Debug): No cmd given for 'textures/nebulae/ngc6826-hst.png', creating uninitialized texture
000000009248: (Debug): Created image support for 'textures/nebulae/ngc6830-laurent_ferrero.png'
000000009248: (Debug): No cmd given for 'textures/nebulae/ngc6830-laurent_ferrero.png', creating uninitialized texture
000000009268: (Debug): Created image support for 'textures/nebulae/ngc6888-jean-pierre_bousquet.png'
000000009269: (Debug): No cmd given for 'textures/nebulae/ngc6888-jean-pierre_bousquet.png', creating uninitialized texture
000000009289: (Debug): Created image support for 'textures/nebulae/ngc6891-hst.png'
000000009289: (Debug): No cmd given for 'textures/nebulae/ngc6891-hst.png', creating uninitialized texture
000000009309: (Debug): Created image support for 'textures/nebulae/ngc6905-walter_mac_donald.png'
000000009309: (Debug): No cmd given for 'textures/nebulae/ngc6905-walter_mac_donald.png', creating uninitialized texture
000000009329: (Debug): Created image support for 'textures/nebulae/ngc6934-chris_schur.png'
000000009329: (Debug): No cmd given for 'textures/nebulae/ngc6934-chris_schur.png', creating uninitialized texture
000000009349: (Debug): Created image support for 'textures/nebulae/ngc6939-chris_schur.png'
000000009349: (Debug): No cmd given for 'textures/nebulae/ngc6939-chris_schur.png', creating uninitialized texture
000000009370: (Debug): Created image support for 'textures/nebulae/ngc6940-laurent_ferrero.png'
000000009370: (Debug): No cmd given for 'textures/nebulae/ngc6940-laurent_ferrero.png', creating uninitialized texture
000000009390: (Debug): Created image support for 'textures/nebulae/ngc6946-stephane_dumont.png'
000000009390: (Debug): No cmd given for 'textures/nebulae/ngc6946-stephane_dumont.png', creating uninitialized texture
000000009410: (Debug): Created image support for 'textures/nebulae/veil_nebula-eric_courcier.png'
000000009410: (Debug): No cmd given for 'textures/nebulae/veil_nebula-eric_courcier.png', creating uninitialized texture
000000009430: (Debug): Created image support for 'textures/nebulae/ngc7000-emmanuel_beaudoin.png'
000000009430: (Debug): No cmd given for 'textures/nebulae/ngc7000-emmanuel_beaudoin.png', creating uninitialized texture
000000009451: (Debug): Created image support for 'textures/nebulae/ngc7006-pedro_re.png'
000000009451: (Debug): No cmd given for 'textures/nebulae/ngc7006-pedro_re.png', creating uninitialized texture
000000009471: (Debug): Created image support for 'textures/nebulae/ngc7008-chris_schur.png'
000000009471: (Debug): No cmd given for 'textures/nebulae/ngc7008-chris_schur.png', creating uninitialized texture
000000009491: (Debug): Created image support for 'textures/nebulae/ngc7009-kunihiko_okano.png'
000000009491: (Debug): No cmd given for 'textures/nebulae/ngc7009-kunihiko_okano.png', creating uninitialized texture
000000009511: (Debug): Created image support for 'textures/nebulae/ngc7023-george_greaney.png'
000000009511: (Debug): No cmd given for 'textures/nebulae/ngc7023-george_greaney.png', creating uninitialized texture
000000009531: (Debug): Created image support for 'textures/nebulae/ngc7026-walter_mac_donald.png'
000000009531: (Debug): No cmd given for 'textures/nebulae/ngc7026-walter_mac_donald.png', creating uninitialized texture
000000009551: (Debug): Created image support for 'textures/nebulae/ngc7027-walter_mac_donald.png'
000000009551: (Debug): No cmd given for 'textures/nebulae/ngc7027-walter_mac_donald.png', creating uninitialized texture
000000009572: (Debug): Created image support for 'textures/nebulae/ngc7129-al_kelly.png'
000000009572: (Debug): No cmd given for 'textures/nebulae/ngc7129-al_kelly.png', creating uninitialized texture
000000009592: (Debug): Created image support for 'textures/nebulae/ngc7160-chris_schur.png'
000000009592: (Debug): No cmd given for 'textures/nebulae/ngc7160-chris_schur.png', creating uninitialized texture
000000009612: (Debug): Created image support for 'textures/nebulae/ngc7209-laurent_ferrero.png'
000000009612: (Debug): No cmd given for 'textures/nebulae/ngc7209-laurent_ferrero.png', creating uninitialized texture
000000009632: (Debug): Created image support for 'textures/nebulae/ngc7217-franck_valbousquet.png'
000000009632: (Debug): No cmd given for 'textures/nebulae/ngc7217-franck_valbousquet.png', creating uninitialized texture
000000009652: (Debug): Created image support for 'textures/nebulae/ngc7235-harald_strauss.png'
000000009652: (Debug): No cmd given for 'textures/nebulae/ngc7235-harald_strauss.png', creating uninitialized texture
000000009672: (Debug): Created image support for 'textures/nebulae/ngc7293-hst.png'
000000009672: (Debug): No cmd given for 'textures/nebulae/ngc7293-hst.png', creating uninitialized texture
000000009693: (Debug): Created image support for 'textures/nebulae/ngc7320-hst.png'
000000009693: (Debug): No cmd given for 'textures/nebulae/ngc7320-hst.png', creating uninitialized texture
000000009713: (Debug): Created image support for 'textures/nebulae/ngc7331-kunihiko_okano.png'
000000009713: (Debug): No cmd given for 'textures/nebulae/ngc7331-kunihiko_okano.png', creating uninitialized texture
000000009733: (Debug): Created image support for 'textures/nebulae/ngc7380-tom_carrico.png'
000000009733: (Debug): No cmd given for 'textures/nebulae/ngc7380-tom_carrico.png', creating uninitialized texture
000000009753: (Debug): Created image support for 'textures/nebulae/ngc7410-kunihiko_okano.png'
000000009753: (Debug): No cmd given for 'textures/nebulae/ngc7410-kunihiko_okano.png', creating uninitialized texture
000000009774: (Debug): Created image support for 'textures/nebulae/ngc7479-al_kelly.png'
000000009774: (Debug): No cmd given for 'textures/nebulae/ngc7479-al_kelly.png', creating uninitialized texture
000000009794: (Debug): Created image support for 'textures/nebulae/ngc7510-pedro_re.png'
000000009794: (Debug): No cmd given for 'textures/nebulae/ngc7510-pedro_re.png', creating uninitialized texture
000000009814: (Debug): Created image support for 'textures/nebulae/ngc7538-walter_mac_donald.png'
000000009814: (Debug): No cmd given for 'textures/nebulae/ngc7538-walter_mac_donald.png', creating uninitialized texture
000000009834: (Debug): Created image support for 'textures/nebulae/ngc7552-marc_cesarini.png'
000000009834: (Debug): No cmd given for 'textures/nebulae/ngc7552-marc_cesarini.png', creating uninitialized texture
000000009854: (Debug): Created image support for 'textures/nebulae/ngc7635-andreas_masche.png'
000000009854: (Debug): No cmd given for 'textures/nebulae/ngc7635-andreas_masche.png', creating uninitialized texture
000000009875: (Debug): Created image support for 'textures/nebulae/ngc7640-tom_carrico.png'
000000009875: (Debug): No cmd given for 'textures/nebulae/ngc7640-tom_carrico.png', creating uninitialized texture
000000009895: (Debug): Created image support for 'textures/nebulae/ngc7662-hst.png'
000000009895: (Debug): No cmd given for 'textures/nebulae/ngc7662-hst.png', creating uninitialized texture
000000009915: (Debug): Created image support for 'textures/nebulae/ngc7789-lionel_ruiz.png'
000000009915: (Debug): No cmd given for 'textures/nebulae/ngc7789-lionel_ruiz.png', creating uninitialized texture
000000009935: (Debug): Created image support for 'textures/nebulae/ngc7793-al_kelly.png'
000000009935: (Debug): No cmd given for 'textures/nebulae/ngc7793-al_kelly.png', creating uninitialized texture
000000009956: (Debug): Created image support for 'textures/nebulae/ngc7814-franck_valbousquet.png'
000000009956: (Debug): No cmd given for 'textures/nebulae/ngc7814-franck_valbousquet.png', creating uninitialized texture
000000009976: (Debug): Created image support for 'textures/nebulae/qso3c273-hst.png'
000000009976: (Debug): No cmd given for 'textures/nebulae/qso3c273-hst.png', creating uninitialized texture
000000009997: (Debug): Created image support for 'textures/nebulae/rho_oph-eric_courcier.png'
000000009997: (Debug): No cmd given for 'textures/nebulae/rho_oph-eric_courcier.png', creating uninitialized texture
000000010016: (Debug): Created image support for 'textures/nebulae/s147-emil_ivanov.png'
000000010016: (Debug): No cmd given for 'textures/nebulae/s147-emil_ivanov.png', creating uninitialized texture
000000010036: (Debug): Created image support for 'textures/nebulae/smc-stephane_guisard.png'
000000010036: (Debug): No cmd given for 'textures/nebulae/smc-stephane_guisard.png', creating uninitialized texture
000000010057: (Debug): Created image support for 'textures/nebulae/v838-hst.png'
000000010057: (Debug): No cmd given for 'textures/nebulae/v838-hst.png', creating uninitialized texture
000000010080: (Debug): Allocate chunk of 256 MiB in GPU memory.
000000010080: (Debug): GPU memory	total : 32607 MiB   	available : 28997 MiB	used : 4011 MiB    	free : 24985 MiB
000000010080: (Debug): local memory	total : 45477 MiB   	available : 45477 MiB	used : 3056 MiB    	free : 42421 MiB
000000010080: (Debug): Created image support for 'textures/nebulae/vela-sergio_eguivar.png'
000000010080: (Debug): No cmd given for 'textures/nebulae/vela-sergio_eguivar.png', creating uninitialized texture
000000010108: (Debug): Created image support for 'textures/fog.png'
000000010108: (Debug): No cmd given for 'textures/fog.png', creating uninitialized texture
000000010170: (Debug): Dedicated allocation of 42 MiB of GPU memory.
000000010170: (Debug): GPU memory	total : 32607 MiB   	available : 28997 MiB	used : 4055 MiB    	free : 24941 MiB
000000010170: (Debug): local memory	total : 45477 MiB   	available : 45477 MiB	used : 3056 MiB    	free : 42421 MiB
000000010170: (Debug): Created image support for 'landscapes/observatory-immersive_adventure.png'
000000010170: (Debug): No cmd given for 'landscapes/observatory-immersive_adventure.png', creating uninitialized texture
000000010170: (Debug): Dedicated allocation of 42 MiB of GPU memory.
000000010170: (Debug): GPU memory	total : 32607 MiB   	available : 28997 MiB	used : 4099 MiB    	free : 24897 MiB
000000010170: (Debug): local memory	total : 45477 MiB   	available : 45477 MiB	used : 3056 MiB    	free : 42421 MiB
000000010170: (Debug): Created image support for 'landscapes/observatory_night-immersive_adventure.png'
000000010170: (Debug): No cmd given for 'landscapes/observatory_night-immersive_adventure.png', creating uninitialized texture
000000010315: (Debug): Dedicated allocation of 42 MiB of GPU memory.
000000010315: (Debug): GPU memory	total : 32607 MiB   	available : 28997 MiB	used : 4143 MiB    	free : 24853 MiB
000000010315: (Debug): local memory	total : 45477 MiB   	available : 45477 MiB	used : 3056 MiB    	free : 42421 MiB
000000010315: (Debug): Created image support for 'textures/milkyway.png'
000000010315: (Debug): No cmd given for 'textures/milkyway.png', creating uninitialized texture
000000010357: (Debug): Dedicated allocation of 42 MiB of GPU memory.
000000010357: (Debug): GPU memory	total : 32607 MiB   	available : 28997 MiB	used : 4187 MiB    	free : 24809 MiB
000000010357: (Debug): local memory	total : 45477 MiB   	available : 45477 MiB	used : 3056 MiB    	free : 42421 MiB
000000010357: (Debug): Created image support for 'textures/zodiacale.png'
000000010357: (Debug): No cmd given for 'textures/zodiacale.png', creating uninitialized texture
000000010459: (Debug): Dedicated allocation of 32 MiB of GPU memory.
000000010459: (Debug): GPU memory	total : 32607 MiB   	available : 28997 MiB	used : 4219 MiB    	free : 24777 MiB
000000010459: (Debug): local memory	total : 45477 MiB   	available : 45477 MiB	used : 3056 MiB    	free : 42421 MiB
000000010459: (Debug): Created image support for 'textures/typegals.png'
000000010459: (Debug): No cmd given for 'textures/typegals.png', creating uninitialized texture
000000010653: (Debug): Dedicated allocation of 32 MiB of GPU memory.
000000010653: (Debug): GPU memory	total : 32607 MiB   	available : 28997 MiB	used : 4251 MiB    	free : 24745 MiB
000000010653: (Debug): local memory	total : 45477 MiB   	available : 45477 MiB	used : 3056 MiB    	free : 42421 MiB
000000010653: (Debug): Created image support for 'textures/dsocat.png'
000000010653: (Debug): No cmd given for 'textures/dsocat.png', creating uninitialized texture
000000010661: (Debug): Created image support for 'textures/pointer_star.png'
000000010661: (Debug): No cmd given for 'textures/pointer_star.png', creating uninitialized texture
000000010662: (Debug): Created image support for 'textures/pointer_nebula.png'
000000010662: (Debug): No cmd given for 'textures/pointer_nebula.png', creating uninitialized texture
000000011052: (Debug): Dedicated allocation of 2560 MiB of GPU memory.
000000011052: (Debug): GPU memory	total : 32607 MiB   	available : 28987 MiB	used : 4251 MiB    	free : 24736 MiB
000000011052: (Debug): local memory	total : 45477 MiB   	available : 45477 MiB	used : 5616 MiB    	free : 39861 MiB
000000011089: (Debug): Created image support for 'textures/planethalo.png'
000000011089: (Debug): No cmd given for 'textures/planethalo.png', creating uninitialized texture
000000011089: (Debug): Created image support for 'textures/bodies/sun.jpg'
000000011089: (Debug): No cmd given for 'textures/bodies/sun.jpg', creating uninitialized texture
000000011089: (Debug): Created image support for 'textures/bodies/moon.jpg'
000000011089: (Debug): No cmd given for 'textures/bodies/moon.jpg', creating uninitialized texture
000000011089: (Debug): Created image support for 'textures/bodies/moon_normal.jpg'
000000011089: (Debug): No cmd given for 'textures/bodies/moon_normal.jpg', creating uninitialized texture
000000011089: (Debug): Created image support for 'textures/bodies/moon_alti.jpg'
000000011089: (Debug): No cmd given for 'textures/bodies/moon_alti.jpg', creating uninitialized texture
000000011089: (Debug): Created image support for 'textures/bodies/earth.jpg'
000000011089: (Debug): No cmd given for 'textures/bodies/earth.jpg', creating uninitialized texture
000000011089: (Debug): Created image support for 'textures/bodies/earth_night.jpg'
000000011089: (Debug): No cmd given for 'textures/bodies/earth_night.jpg', creating uninitialized texture
000000011089: (Debug): Created image support for 'textures/bodies/earth_specular.png'
000000011089: (Debug): No cmd given for 'textures/bodies/earth_specular.png', creating uninitialized texture
000000011089: (Debug): Created image support for 'textures/bodies/earth_normal.jpg'
000000011089: (Debug): No cmd given for 'textures/bodies/earth_normal.jpg', creating uninitialized texture
000000011089: (Debug): Created image support for 'textures/bodies/earth_alti.png'
000000011089: (Debug): No cmd given for 'textures/bodies/earth_alti.png', creating uninitialized texture
000000011092: (Debug): Created image support for 'textures/bodies/atm_gradient3.png'
000000011092: (Debug): No cmd given for 'textures/bodies/atm_gradient3.png', creating uninitialized texture
000000011092: (Debug): Created image support for 'big "textures/bodies/earth_alti.png"'
000000011093: (Debug): Created image support for 'textures/bodies/atm_gradient2.png'
000000011093: (Debug): Created image support for 'textures/bodies/atm_gradient4.png'
000000011093: (Debug): Created image support for 'textures/bodies/jupiter_rings.png'
000000011093: (Debug): Created image support for 'textures/bodies/venus.jpg'
000000011093: (Debug): Created image support for 'textures/bodies/uranus.png'
000000011093: (Debug): Created image support for 'textures/bodies/goldilocks_zone.png'
000000011093: (Debug): Created image support for 'textures/bodies/triton.png'
000000011093: (Debug): Created image support for 'textures/bodies/makemake.jpg'
000000011093: (Debug): Created image support for 'textures/bodies/deimos.jpg'
000000011093: (Debug): Created image support for 'textures/bodies/ceres.jpg'
000000011093: (Debug): Created image support for 'textures/bodies/proteus.png'
000000011093: (Debug): Created image support for 'textures/bodies/charon.png'
000000011093: (Debug): Created image support for 'textures/bodies/pluto.png'
000000011093: (Debug): Created image support for 'textures/bodies/oberon.png'
000000011093: (Debug): Created image support for 'textures/bodies/titania.png'
000000011093: (Debug): Created image support for 'textures/bodies/umbriel.png'
000000011093: (Debug): Created image support for 'textures/bodies/ariel.png'
000000011093: (Debug): Created image support for 'textures/bodies/neptune_rings.png'
000000011093: (Debug): Created image support for 'textures/bodies/miranda.png'
000000011093: (Debug): Created image support for 'textures/bodies/uranusring.png'
000000011094: (Debug): Created image support for 'textures/bodies/phobos.jpg'
000000011094: (Debug): Created image support for 'textures/bodies/vesta.jpg'
000000011094: (Debug): Created image support for 'textures/bodies/hyperion.png'
000000011094: (Debug): Created image support for 'textures/bodies/rhea.png'
000000011094: (Debug): Created image support for 'textures/bodies/tethys.png'
000000011094: (Debug): Created image support for 'textures/bodies/dione.png'
000000011094: (Debug): Created image support for 'textures/bodies/jupiter.png'
000000011094: (Debug): Created image support for 'textures/bodies/mimas.png'
000000011094: (Debug): Created image support for 'textures/bodies/titan.png'
000000011094: (Debug): Created image support for 'textures/bodies/asteroid.png'
000000011094: (Debug): Created image support for 'textures/bodies/saturn_rings_radial.png'
000000011094: (Debug): Created image support for 'textures/bodies/callisto.png'
000000011094: (Debug): Created image support for 'textures/bodies/moon_normal.png'
000000011094: (Debug): Created image support for 'textures/bodies/ganymede.png'
000000011094: (Debug): Created image support for 'textures/bodies/enceladus.png'
000000011094: (Debug): Created image support for 'textures/bodies/neptune.png'
000000011094: (Debug): Created image support for 'textures/bodies/iapetus.png'
000000011094: (Debug): Created image support for 'textures/bodies/iapetus_alti.png'
000000011094: (Debug): Created image support for 'textures/bodies/generic.png'
000000011094: (Debug): Created image support for 'textures/bodies/amalthea.png'
000000011094: (Debug): Created image support for 'textures/bodies/io_night.png'
000000011095: (Debug): Created image support for 'textures/bodies/europa.png'
000000011095: (Debug): Created image support for 'textures/bodies/io.png'
000000011095: (Debug): Created image support for 'textures/bodies/saturn.jpg'
000000011095: (Debug): Created image support for 'textures/bodies/mars_alti.jpg'
000000011095: (Debug): Created image support for 'textures/bodies/mars_normal.jpg'
000000011095: (Debug): Created image support for 'textures/bodies/mercury.jpg'
000000011095: (Debug): Created image support for 'textures/bodies/nomap.png'
000000011095: (Debug): Created image support for 'textures/bodies/eclipse_map.png'
000000011095: (Debug): Created image support for 'textures/bodies/mars-water.jpg'
000000011095: (Debug): Created image support for 'textures/bodies/venus_surface.png'
000000011096: (Debug): Created image support for 'textures/bodies/earth_grid.png'
000000011097: (Debug): Created image support for 'textures/bodies/mars.jpg'
000000011110: (Debug): Created image support for 'Fallback texture'
000000011117: (Debug): Dedicated allocation of 170 MiB of GPU memory.
000000011117: (Debug): GPU memory	total : 32607 MiB   	available : 28990 MiB	used : 4423 MiB    	free : 24566 MiB
000000011117: (Debug): local memory	total : 45477 MiB   	available : 45477 MiB	used : 5616 MiB    	free : 39861 MiB
000000011117: (Debug): Created image support for 'big "textures/bodies/earth_normal.jpg"'
000000011227: (Warn.): Frame stall detected
000000011402:    0# Fps::sigstacktrace(int) at /home/claude/spacecrafter/src/appModule/fps.cpp:170
   1#      at ./signal/../sysdeps/unix/sysv/linux/x86_64/libc_sigaction.c:0
   2# syscall at ../sysdeps/unix/sysv/linux/x86_64/syscall.S:37
   3# void std::__detail::__platform_wait<int>(int const*, int) at /usr/include/c++/15/bits/atomic_wait.h:114
   4# App::draw(int) at /home/claude/spacecrafter/src/appModule/app.cpp:831
   5# App::startMainLoop() at /home/claude/spacecrafter/src/appModule/app.cpp:1031
   6# main at /home/claude/spacecrafter/src/main.cpp:361
   7# __libc_start_call_main at ../sysdeps/nptl/libc_start_call_main.h:58
   8# __libc_start_main_impl at ../csu/libc-start.c:360
   9# _start at :0
  10# 

000000011402: (Warn.): Frame stall detected
000000011427:    0# Fps::sigstacktrace(int) at /home/claude/spacecrafter/src/appModule/fps.cpp:170
   1#      at ./signal/../sysdeps/unix/sysv/linux/x86_64/libc_sigaction.c:0
   2# __syscall_cancel_arch at ../sysdeps/unix/sysv/linux/x86_64/syscall_cancel.S:56
   3# __internal_syscall_cancel at ./nptl/cancellation.c:49
   4# __GI___clock_nanosleep at ../sysdeps/unix/sysv/linux/clock_nanosleep.c:48
   5# __GI___nanosleep at ../sysdeps/unix/sysv/linux/nanosleep.c:25
   6# void std::this_thread::sleep_for<long, std::ratio<1l, 1000000000l> >(std::chrono::duration<long, std::ratio<1l, 1000000000l> > const&) at /usr/include/c++/15/bits/this_thread_sleep.h:82
   7# App::startMainLoop() at /home/claude/spacecrafter/src/appModule/app.cpp:1033
   8# main at /home/claude/spacecrafter/src/main.cpp:361
   9# __libc_start_call_main at ../sysdeps/nptl/libc_start_call_main.h:58
  10# __libc_start_main_impl at ../csu/libc-start.c:360
  11# _start at :0
  12# 

000000011473: (Debug): Dedicated allocation of 682 MiB of GPU memory.
000000011473: (Debug): GPU memory	total : 32607 MiB   	available : 28989 MiB	used : 5107 MiB    	free : 23881 MiB
000000011473: (Debug): local memory	total : 45477 MiB   	available : 45477 MiB	used : 5616 MiB    	free : 39861 MiB
000000011473: (Debug): Created image support for 'big "textures/bodies/earth.jpg"'
000000013673: (Debug): Dedicated allocation of 170 MiB of GPU memory.
000000013673: (Debug): GPU memory	total : 32607 MiB   	available : 28990 MiB	used : 5279 MiB    	free : 23710 MiB
000000013673: (Debug): local memory	total : 45477 MiB   	available : 45477 MiB	used : 5616 MiB    	free : 39861 MiB
000000013674: (Debug): Created image support for 'big "textures/bodies/earth_night.jpg"'
000000013930: (Debug): Dedicated allocation of 42 MiB of GPU memory.
000000013930: (Debug): GPU memory	total : 32607 MiB   	available : 28958 MiB	used : 5323 MiB    	free : 23634 MiB
000000013930: (Debug): local memory	total : 45477 MiB   	available : 45477 MiB	used : 5616 MiB    	free : 39861 MiB
000000013930: (Debug): Created image support for 'big "textures/bodies/earth_specular.png"'
000000020724: (Debug): Created image support for 'scripts/basis/zodiacal_light/zodiacale.png'
000000020724: (Debug): No cmd given for 'scripts/basis/zodiacal_light/zodiacale.png', creating uninitialized texture
000000051601: (Debug): Created image support for 'textures/bodies/atm_gradient3.png'
000000051601: (Debug): No cmd given for 'textures/bodies/atm_gradient3.png', creating uninitialized texture
000000051601: (Debug): Created image support for 'textures/bodies/atm_gradient2.png'
000000051601: (Debug): Created image support for 'textures/bodies/atm_gradient4.png'
000000090143: (Info ): Release resources
000000090173: (Debug): No changes in the pipelineCache
(Info ): EOF
